#;Time;Function;Direction;Status;Data;Data (chars);Data length;Req. length;Port;Comments;
0;05/11/2024 17:47:30;IRP_MJ_WRITE;DOWN;;e0 05 00 01 62 00 68 ;"?..b.h";7;7;COM1;;
1;05/11/2024 17:47:30;IRP_MJ_WRITE;UP;STATUS_SUCCESS;e0 05 00 01 62 00 68 ;"?..b.h";7;;COM1;;
2;05/11/2024 17:47:30;IRP_MJ_READ;DOWN;;;"";;8;COM1;;
3;05/11/2024 17:47:30;IRP_MJ_READ;UP;STATUS_SUCCESS;e0 06 00 01 62 03 00 6c ;"?..b..l";8;;COM1;;
4;05/11/2024 17:47:30;IRP_MJ_WRITE;DOWN;;e0 05 00 02 30 00 37 ;"?..0.7";7;7;COM1;;
5;05/11/2024 17:47:30;IRP_MJ_WRITE;UP;STATUS_SUCCESS;e0 05 00 02 30 00 37 ;"?..0.7";7;;COM1;;
6;05/11/2024 17:47:30;IRP_MJ_READ;DOWN;;;"";;9;COM1;;
7;05/11/2024 17:47:30;IRP_MJ_READ;UP;STATUS_SUCCESS;e0 07 00 02 30 00 01 94 ce ;"?..0..îŒ";9;;COM1;;
8;05/11/2024 17:47:30;IRP_MJ_WRITE;DOWN;;e0 05 00 03 32 00 3a ;"?..2.:";7;7;COM1;;
9;05/11/2024 17:47:30;IRP_MJ_WRITE;UP;STATUS_SUCCESS;e0 05 00 03 32 00 3a ;"?..2.:";7;;COM1;;
10;05/11/2024 17:47:30;IRP_MJ_READ;DOWN;;;"";;17;COM1;;
11;05/11/2024 17:47:30;IRP_MJ_READ;UP;STATUS_SUCCESS;e0 0f 00 03 32 00 09 38 33 37 2d 31 35 33 39 36 24 ;"?..2..837-15396$";17;;COM1;;
12;05/11/2024 17:47:30;IRP_MJ_WRITE;DOWN;;e0 05 00 04 60 00 69 ;"?..`.i";7;7;COM1;;
13;05/11/2024 17:47:30;IRP_MJ_WRITE;UP;STATUS_SUCCESS;e0 05 00 04 60 00 69 ;"?..`.i";7;;COM1;;
14;05/11/2024 17:47:30;IRP_MJ_READ;DOWN;;;"";;8;COM1;;
15;05/11/2024 17:47:30;IRP_MJ_READ;UP;STATUS_SUCCESS;e0 06 00 04 60 00 00 6a ;"?..`..j";8;;COM1;;
16;05/11/2024 17:47:30;IRP_MJ_WRITE;DOWN;;e0 30 00 05 61 2b 3a 31 30 30 30 30 30 30 30 30 43 39 34 34 43 30 30 30 43 39 34 36 39 30 30 30 43 39 34 36 39 30 30 30 43 39 34 36 39 30 30 45 39 be ;"?..a+:100000000C944C000C9469000C9469000C946900E9?";50;50;COM1;;
17;05/11/2024 17:47:30;IRP_MJ_WRITE;UP;STATUS_SUCCESS;e0 30 00 05 61 2b 3a 31 30 30 30 30 30 30 30 30 43 39 34 34 43 30 30 30 43 39 34 36 39 30 30 30 43 39 34 36 39 30 30 30 43 39 34 36 39 30 30 45 39 be ;"?..a+:100000000C944C000C9469000C9469000C946900E9?";50;;COM1;;
18;05/11/2024 17:47:30;IRP_MJ_READ;DOWN;;;"";;8;COM1;;
19;05/11/2024 17:47:30;IRP_MJ_READ;UP;STATUS_SUCCESS;e0 06 00 05 61 20 00 8c ;"?..a .?";8;;COM1;;
20;05/11/2024 17:47:30;IRP_MJ_WRITE;DOWN;;e0 05 00 06 62 00 6d ;"?..b.m";7;7;COM1;;
21;05/11/2024 17:47:30;IRP_MJ_WRITE;UP;STATUS_SUCCESS;e0 05 00 06 62 00 6d ;"?..b.m";7;;COM1;;
22;05/11/2024 17:47:30;IRP_MJ_READ;DOWN;;;"";;8;COM1;;
23;05/11/2024 17:47:30;IRP_MJ_READ;UP;STATUS_SUCCESS;e0 06 00 06 62 03 00 71 ;"?..b..q";8;;COM1;;
24;05/11/2024 17:47:30;IRP_MJ_WRITE;DOWN;;e0 05 00 07 30 00 3c ;"?..0.<";7;7;COM1;;
25;05/11/2024 17:47:30;IRP_MJ_WRITE;UP;STATUS_SUCCESS;e0 05 00 07 30 00 3c ;"?..0.<";7;;COM1;;
26;05/11/2024 17:47:30;IRP_MJ_READ;DOWN;;;"";;9;COM1;;
27;05/11/2024 17:47:30;IRP_MJ_READ;UP;STATUS_SUCCESS;e0 07 00 07 30 00 01 94 d3 ;"?..0..î”";9;;COM1;;
28;05/11/2024 17:47:30;IRP_MJ_WRITE;DOWN;;e0 05 00 08 32 00 3f ;"?..2.?";7;7;COM1;;
29;05/11/2024 17:47:30;IRP_MJ_WRITE;UP;STATUS_SUCCESS;e0 05 00 08 32 00 3f ;"?..2.?";7;;COM1;;
30;05/11/2024 17:47:30;IRP_MJ_READ;DOWN;;;"";;17;COM1;;
31;05/11/2024 17:47:30;IRP_MJ_READ;UP;STATUS_SUCCESS;e0 0f 00 08 32 00 09 38 33 37 2d 31 35 33 39 36 29 ;"?..2..837-15396)";17;;COM1;;
32;05/11/2024 17:47:30;IRP_MJ_WRITE;DOWN;;e0 05 08 09 f5 00 0b ;"?..?..";7;7;COM1;;
33;05/11/2024 17:47:30;IRP_MJ_WRITE;UP;STATUS_SUCCESS;e0 05 08 09 f5 00 0b ;"?..?..";7;;COM1;;
34;05/11/2024 17:47:30;IRP_MJ_READ;DOWN;;;"";;8;COM1;;
35;05/11/2024 17:47:30;IRP_MJ_READ;UP;STATUS_SUCCESS;e0 06 08 09 f5 00 00 0c ;"?..?...";8;;COM1;;
36;05/11/2024 17:47:30;IRP_MJ_WRITE;DOWN;;e0 05 08 0a f0 00 07 ;"?..?..";7;7;COM1;;
37;05/11/2024 17:47:30;IRP_MJ_WRITE;UP;STATUS_SUCCESS;e0 05 08 0a f0 00 07 ;"?..?..";7;;COM1;;
38;05/11/2024 17:47:30;IRP_MJ_READ;DOWN;;;"";;20;COM1;;
39;05/11/2024 17:47:30;IRP_MJ_READ;UP;STATUS_SUCCESS;e0 12 08 0a f0 00 0c 30 30 30 2d 30 30 30 30 30 ff 11 40 1d ;"?..?..000-00000ˇ.@.";20;;COM1;;
40;05/11/2024 17:47:30;IRP_MJ_WRITE;DOWN;;e0 0b 00 0b 54 06 57 43 43 46 76 32 3b ;"?..T.WCCFv2;";13;13;COM1;;
41;05/11/2024 17:47:30;IRP_MJ_WRITE;UP;STATUS_SUCCESS;e0 0b 00 0b 54 06 57 43 43 46 76 32 3b ;"?..T.WCCFv2;";13;;COM1;;
42;05/11/2024 17:47:30;IRP_MJ_READ;DOWN;;;"";;8;COM1;;
43;05/11/2024 17:47:30;IRP_MJ_READ;UP;STATUS_SUCCESS;e0 06 00 0b 54 00 00 65 ;"?..T..e";8;;COM1;;
44;05/11/2024 17:47:30;IRP_MJ_WRITE;DOWN;;e0 0b 00 0c 50 06 60 90 d0 cf 06 32 f5 5a ;"?..P.`ê–?2ıZ";14;14;COM1;;
45;05/11/2024 17:47:30;IRP_MJ_WRITE;UP;STATUS_SUCCESS;e0 0b 00 0c 50 06 60 90 d0 cf 06 32 f5 5a ;"?..P.`ê–?2ıZ";14;;COM1;;
46;05/11/2024 17:47:30;IRP_MJ_READ;DOWN;;;"";;8;COM1;;
47;05/11/2024 17:47:30;IRP_MJ_READ;UP;STATUS_SUCCESS;e0 06 00 0c 50 00 00 62 ;"?..P..b";8;;COM1;;
48;05/11/2024 17:48:18;IRP_MJ_WRITE;DOWN;;e0 08 08 0d 81 03 ff ff ff 9e ;"?..?ˇˇˇ?";10;10;COM1;;
49;05/11/2024 17:48:18;IRP_MJ_WRITE;UP;STATUS_SUCCESS;e0 08 08 0d 81 03 ff ff ff 9e ;"?..?ˇˇˇ?";10;;COM1;;
50;05/11/2024 17:48:18;IRP_MJ_WRITE;DOWN;;e0 05 00 0e 62 00 75 ;"?..b.u";7;7;COM1;;
51;05/11/2024 17:48:18;IRP_MJ_WRITE;UP;STATUS_SUCCESS;e0 05 00 0e 62 00 75 ;"?..b.u";7;;COM1;;
52;05/11/2024 17:48:18;IRP_MJ_READ;DOWN;;;"";;8;COM1;;
53;05/11/2024 17:48:18;IRP_MJ_READ;UP;STATUS_SUCCESS;e0 06 00 0e 62 03 00 79 ;"?..b..y";8;;COM1;;
54;05/11/2024 17:48:18;IRP_MJ_WRITE;DOWN;;e0 05 00 0f 30 00 44 ;"?..0.D";7;7;COM1;;
55;05/11/2024 17:48:18;IRP_MJ_WRITE;UP;STATUS_SUCCESS;e0 05 00 0f 30 00 44 ;"?..0.D";7;;COM1;;
56;05/11/2024 17:48:18;IRP_MJ_READ;DOWN;;;"";;9;COM1;;
57;05/11/2024 17:48:18;IRP_MJ_READ;UP;STATUS_SUCCESS;e0 07 00 0f 30 00 01 94 db ;"?..0..î€";9;;COM1;;
58;05/11/2024 17:48:18;IRP_MJ_WRITE;DOWN;;e0 05 00 10 32 00 47 ;"?..2.G";7;7;COM1;;
59;05/11/2024 17:48:18;IRP_MJ_WRITE;UP;STATUS_SUCCESS;e0 05 00 10 32 00 47 ;"?..2.G";7;;COM1;;
60;05/11/2024 17:48:18;IRP_MJ_READ;DOWN;;;"";;17;COM1;;
61;05/11/2024 17:48:18;IRP_MJ_READ;UP;STATUS_SUCCESS;e0 0f 00 10 32 00 09 38 33 37 2d 31 35 33 39 36 31 ;"?..2..837-153961";17;;COM1;;
62;05/11/2024 17:48:18;IRP_MJ_WRITE;DOWN;;e0 05 08 11 f5 00 13 ;"?..?..";7;7;COM1;;
63;05/11/2024 17:48:18;IRP_MJ_WRITE;UP;STATUS_SUCCESS;e0 05 08 11 f5 00 13 ;"?..?..";7;;COM1;;
64;05/11/2024 17:48:18;IRP_MJ_READ;DOWN;;;"";;8;COM1;;
65;05/11/2024 17:48:18;IRP_MJ_READ;UP;STATUS_SUCCESS;e0 06 08 11 f5 00 00 14 ;"?..?...";8;;COM1;;
66;05/11/2024 17:48:18;IRP_MJ_WRITE;DOWN;;e0 05 08 12 f0 00 0f ;"?..?..";7;7;COM1;;
67;05/11/2024 17:48:18;IRP_MJ_WRITE;UP;STATUS_SUCCESS;e0 05 08 12 f0 00 0f ;"?..?..";7;;COM1;;
68;05/11/2024 17:48:18;IRP_MJ_READ;DOWN;;;"";;20;COM1;;
69;05/11/2024 17:48:18;IRP_MJ_READ;UP;STATUS_SUCCESS;e0 12 08 12 f0 00 0c 30 30 30 2d 30 30 30 30 30 ff 11 40 25 ;"?..?..000-00000ˇ.@%";20;;COM1;;
70;05/11/2024 17:48:18;IRP_MJ_WRITE;DOWN;;e0 0b 00 13 54 06 57 43 43 46 76 32 43 ;"?..T.WCCFv2C";13;13;COM1;;
71;05/11/2024 17:48:18;IRP_MJ_WRITE;UP;STATUS_SUCCESS;e0 0b 00 13 54 06 57 43 43 46 76 32 43 ;"?..T.WCCFv2C";13;;COM1;;
72;05/11/2024 17:48:18;IRP_MJ_READ;DOWN;;;"";;8;COM1;;
73;05/11/2024 17:48:18;IRP_MJ_READ;UP;STATUS_SUCCESS;e0 06 00 13 54 00 00 6d ;"?..T..m";8;;COM1;;
74;05/11/2024 17:48:18;IRP_MJ_WRITE;DOWN;;e0 0b 00 14 50 06 60 90 d0 cf 06 32 f5 62 ;"?..P.`ê–?2ıb";14;14;COM1;;
75;05/11/2024 17:48:18;IRP_MJ_WRITE;UP;STATUS_SUCCESS;e0 0b 00 14 50 06 60 90 d0 cf 06 32 f5 62 ;"?..P.`ê–?2ıb";14;;COM1;;
76;05/11/2024 17:48:18;IRP_MJ_READ;DOWN;;;"";;8;COM1;;
77;05/11/2024 17:48:18;IRP_MJ_READ;UP;STATUS_SUCCESS;e0 06 00 14 50 00 00 6a ;"?..P..j";8;;COM1;;
78;05/11/2024 17:48:18;IRP_MJ_WRITE;DOWN;;e0 08 08 15 81 03 ff ff ff a6 ;"?..?ˇˇˇ?";10;10;COM1;;
79;05/11/2024 17:48:18;IRP_MJ_WRITE;UP;STATUS_SUCCESS;e0 08 08 15 81 03 ff ff ff a6 ;"?..?ˇˇˇ?";10;;COM1;;
80;05/11/2024 17:48:18;IRP_MJ_WRITE;DOWN;;e0 05 00 16 62 00 7d ;"?..b.}";7;7;COM1;;
81;05/11/2024 17:48:18;IRP_MJ_WRITE;UP;STATUS_SUCCESS;e0 05 00 16 62 00 7d ;"?..b.}";7;;COM1;;
82;05/11/2024 17:48:18;IRP_MJ_READ;DOWN;;;"";;8;COM1;;
83;05/11/2024 17:48:18;IRP_MJ_READ;UP;STATUS_SUCCESS;e0 06 00 16 62 03 00 81 ;"?..b..?";8;;COM1;;
84;05/11/2024 17:48:18;IRP_MJ_WRITE;DOWN;;e0 05 00 17 30 00 4c ;"?..0.L";7;7;COM1;;
85;05/11/2024 17:48:18;IRP_MJ_WRITE;UP;STATUS_SUCCESS;e0 05 00 17 30 00 4c ;"?..0.L";7;;COM1;;
86;05/11/2024 17:48:18;IRP_MJ_READ;DOWN;;;"";;9;COM1;;
87;05/11/2024 17:48:18;IRP_MJ_READ;UP;STATUS_SUCCESS;e0 07 00 17 30 00 01 94 e3 ;"?..0..î„";9;;COM1;;
88;05/11/2024 17:48:18;IRP_MJ_WRITE;DOWN;;e0 05 00 18 32 00 4f ;"?..2.O";7;7;COM1;;
89;05/11/2024 17:48:18;IRP_MJ_WRITE;UP;STATUS_SUCCESS;e0 05 00 18 32 00 4f ;"?..2.O";7;;COM1;;
90;05/11/2024 17:48:18;IRP_MJ_READ;DOWN;;;"";;17;COM1;;
91;05/11/2024 17:48:18;IRP_MJ_READ;UP;STATUS_SUCCESS;e0 0f 00 18 32 00 09 38 33 37 2d 31 35 33 39 36 39 ;"?..2..837-153969";17;;COM1;;
92;05/11/2024 17:48:18;IRP_MJ_WRITE;DOWN;;e0 05 08 19 f5 00 1b ;"?..?..";7;7;COM1;;
93;05/11/2024 17:48:18;IRP_MJ_WRITE;UP;STATUS_SUCCESS;e0 05 08 19 f5 00 1b ;"?..?..";7;;COM1;;
94;05/11/2024 17:48:18;IRP_MJ_READ;DOWN;;;"";;8;COM1;;
95;05/11/2024 17:48:18;IRP_MJ_READ;UP;STATUS_SUCCESS;e0 06 08 19 f5 00 00 1c ;"?..?...";8;;COM1;;
96;05/11/2024 17:48:18;IRP_MJ_WRITE;DOWN;;e0 05 08 1a f0 00 17 ;"?..?..";7;7;COM1;;
97;05/11/2024 17:48:18;IRP_MJ_WRITE;UP;STATUS_SUCCESS;e0 05 08 1a f0 00 17 ;"?..?..";7;;COM1;;
98;05/11/2024 17:48:18;IRP_MJ_READ;DOWN;;;"";;20;COM1;;
99;05/11/2024 17:48:18;IRP_MJ_READ;UP;STATUS_SUCCESS;e0 12 08 1a f0 00 0c 30 30 30 2d 30 30 30 30 30 ff 11 40 2d ;"?..?..000-00000ˇ.@-";20;;COM1;;
100;05/11/2024 17:48:18;IRP_MJ_WRITE;DOWN;;e0 0b 00 1b 54 06 57 43 43 46 76 32 4b ;"?..T.WCCFv2K";13;13;COM1;;
101;05/11/2024 17:48:18;IRP_MJ_WRITE;UP;STATUS_SUCCESS;e0 0b 00 1b 54 06 57 43 43 46 76 32 4b ;"?..T.WCCFv2K";13;;COM1;;
102;05/11/2024 17:48:18;IRP_MJ_READ;DOWN;;;"";;8;COM1;;
103;05/11/2024 17:48:18;IRP_MJ_READ;UP;STATUS_SUCCESS;e0 06 00 1b 54 00 00 75 ;"?..T..u";8;;COM1;;
104;05/11/2024 17:48:18;IRP_MJ_WRITE;DOWN;;e0 0b 00 1c 50 06 60 90 d0 cf 06 32 f5 6a ;"?..P.`ê–?2ıj";14;14;COM1;;
105;05/11/2024 17:48:18;IRP_MJ_WRITE;UP;STATUS_SUCCESS;e0 0b 00 1c 50 06 60 90 d0 cf 06 32 f5 6a ;"?..P.`ê–?2ıj";14;;COM1;;
106;05/11/2024 17:48:18;IRP_MJ_READ;DOWN;;;"";;8;COM1;;
107;05/11/2024 17:48:18;IRP_MJ_READ;UP;STATUS_SUCCESS;e0 06 00 1c 50 00 00 72 ;"?..P..r";8;;COM1;;
108;05/11/2024 17:48:18;IRP_MJ_WRITE;DOWN;;e0 06 00 1d 40 01 03 67 ;"?..@..g";8;8;COM1;;
109;05/11/2024 17:48:18;IRP_MJ_WRITE;UP;STATUS_SUCCESS;e0 06 00 1d 40 01 03 67 ;"?..@..g";8;;COM1;;
110;05/11/2024 17:48:18;IRP_MJ_READ;DOWN;;;"";;8;COM1;;
111;05/11/2024 17:48:18;IRP_MJ_READ;UP;STATUS_SUCCESS;e0 06 00 1d 40 00 00 63 ;"?..@..c";8;;COM1;;
112;05/11/2024 17:48:19;IRP_MJ_WRITE;DOWN;;e0 05 00 1e 42 00 65 ;"?..B.e";7;7;COM1;;
113;05/11/2024 17:48:19;IRP_MJ_WRITE;UP;STATUS_SUCCESS;e0 05 00 1e 42 00 65 ;"?..B.e";7;;COM1;;
114;05/11/2024 17:48:19;IRP_MJ_READ;DOWN;;;"";;9;COM1;;
115;05/11/2024 17:48:19;IRP_MJ_READ;UP;STATUS_SUCCESS;e0 07 00 1e 42 00 01 00 68 ;"?..B...h";9;;COM1;;
116;05/11/2024 17:48:19;IRP_MJ_WRITE;DOWN;;e0 05 00 1f 41 00 65 ;"?..A.e";7;7;COM1;;
117;05/11/2024 17:48:19;IRP_MJ_WRITE;UP;STATUS_SUCCESS;e0 05 00 1f 41 00 65 ;"?..A.e";7;;COM1;;
118;05/11/2024 17:48:19;IRP_MJ_READ;DOWN;;;"";;8;COM1;;
119;05/11/2024 17:48:19;IRP_MJ_READ;UP;STATUS_SUCCESS;e0 06 00 1f 41 00 00 66 ;"?..A..f";8;;COM1;;
120;05/11/2024 17:48:19;IRP_MJ_WRITE;DOWN;;e0 06 00 20 40 01 03 6a ;"?. @..j";8;8;COM1;;
121;05/11/2024 17:48:19;IRP_MJ_WRITE;UP;STATUS_SUCCESS;e0 06 00 20 40 01 03 6a ;"?. @..j";8;;COM1;;
122;05/11/2024 17:48:19;IRP_MJ_READ;DOWN;;;"";;8;COM1;;
123;05/11/2024 17:48:19;IRP_MJ_READ;UP;STATUS_SUCCESS;e0 06 00 20 40 00 00 66 ;"?. @..f";8;;COM1;;
124;05/11/2024 17:48:19;IRP_MJ_WRITE;DOWN;;e0 05 00 21 42 00 68 ;"?.!B.h";7;7;COM1;;
125;05/11/2024 17:48:19;IRP_MJ_WRITE;UP;STATUS_SUCCESS;e0 05 00 21 42 00 68 ;"?.!B.h";7;;COM1;;
126;05/11/2024 17:48:19;IRP_MJ_READ;DOWN;;;"";;9;COM1;;
127;05/11/2024 17:48:19;IRP_MJ_READ;UP;STATUS_SUCCESS;e0 07 00 21 42 00 01 00 6b ;"?.!B...k";9;;COM1;;
128;05/11/2024 17:48:19;IRP_MJ_WRITE;DOWN;;e0 05 00 22 41 00 68 ;"?.""A.h";7;7;COM1;;
129;05/11/2024 17:48:19;IRP_MJ_WRITE;UP;STATUS_SUCCESS;e0 05 00 22 41 00 68 ;"?.""A.h";7;;COM1;;
130;05/11/2024 17:48:20;IRP_MJ_READ;DOWN;;;"";;8;COM1;;
131;05/11/2024 17:48:20;IRP_MJ_READ;UP;STATUS_SUCCESS;e0 06 00 22 41 00 00 69 ;"?.""A..i";8;;COM1;;
132;05/11/2024 17:48:20;IRP_MJ_WRITE;DOWN;;e0 06 00 23 40 01 03 6d ;"?.#@..m";8;8;COM1;;
133;05/11/2024 17:48:20;IRP_MJ_WRITE;UP;STATUS_SUCCESS;e0 06 00 23 40 01 03 6d ;"?.#@..m";8;;COM1;;
134;05/11/2024 17:48:20;IRP_MJ_READ;DOWN;;;"";;8;COM1;;
135;05/11/2024 17:48:20;IRP_MJ_READ;UP;STATUS_SUCCESS;e0 06 00 23 40 00 00 69 ;"?.#@..i";8;;COM1;;
136;05/11/2024 17:48:20;IRP_MJ_WRITE;DOWN;;e0 05 00 24 42 00 6b ;"?.$B.k";7;7;COM1;;
137;05/11/2024 17:48:20;IRP_MJ_WRITE;UP;STATUS_SUCCESS;e0 05 00 24 42 00 6b ;"?.$B.k";7;;COM1;;
138;05/11/2024 17:48:20;IRP_MJ_READ;DOWN;;;"";;9;COM1;;
139;05/11/2024 17:48:20;IRP_MJ_READ;UP;STATUS_SUCCESS;e0 07 00 24 42 00 01 00 6e ;"?.$B...n";9;;COM1;;
140;05/11/2024 17:48:20;IRP_MJ_WRITE;DOWN;;e0 05 00 25 41 00 6b ;"?.%A.k";7;7;COM1;;
141;05/11/2024 17:48:20;IRP_MJ_WRITE;UP;STATUS_SUCCESS;e0 05 00 25 41 00 6b ;"?.%A.k";7;;COM1;;
142;05/11/2024 17:48:20;IRP_MJ_READ;DOWN;;;"";;8;COM1;;
143;05/11/2024 17:48:20;IRP_MJ_READ;UP;STATUS_SUCCESS;e0 06 00 25 41 00 00 6c ;"?.%A..l";8;;COM1;;
144;05/11/2024 17:48:20;IRP_MJ_WRITE;DOWN;;e0 06 00 26 40 01 03 70 ;"?.&@..p";8;8;COM1;;
145;05/11/2024 17:48:20;IRP_MJ_WRITE;UP;STATUS_SUCCESS;e0 06 00 26 40 01 03 70 ;"?.&@..p";8;;COM1;;
146;05/11/2024 17:48:20;IRP_MJ_READ;DOWN;;;"";;8;COM1;;
147;05/11/2024 17:48:20;IRP_MJ_READ;UP;STATUS_SUCCESS;e0 06 00 26 40 00 00 6c ;"?.&@..l";8;;COM1;;
148;05/11/2024 17:48:21;IRP_MJ_WRITE;DOWN;;e0 05 00 27 42 00 6e ;"?.'B.n";7;7;COM1;;
149;05/11/2024 17:48:21;IRP_MJ_WRITE;UP;STATUS_SUCCESS;e0 05 00 27 42 00 6e ;"?.'B.n";7;;COM1;;
150;05/11/2024 17:48:21;IRP_MJ_READ;DOWN;;;"";;9;COM1;;
151;05/11/2024 17:48:21;IRP_MJ_READ;UP;STATUS_SUCCESS;e0 07 00 27 42 00 01 00 71 ;"?.'B...q";9;;COM1;;
152;05/11/2024 17:48:21;IRP_MJ_WRITE;DOWN;;e0 05 00 28 41 00 6e ;"?.(A.n";7;7;COM1;;
153;05/11/2024 17:48:21;IRP_MJ_WRITE;UP;STATUS_SUCCESS;e0 05 00 28 41 00 6e ;"?.(A.n";7;;COM1;;
154;05/11/2024 17:48:21;IRP_MJ_READ;DOWN;;;"";;8;COM1;;
155;05/11/2024 17:48:21;IRP_MJ_READ;UP;STATUS_SUCCESS;e0 06 00 28 41 00 00 6f ;"?.(A..o";8;;COM1;;
156;05/11/2024 17:48:21;IRP_MJ_WRITE;DOWN;;e0 06 00 29 40 01 03 73 ;"?.)@..s";8;8;COM1;;
157;05/11/2024 17:48:21;IRP_MJ_WRITE;UP;STATUS_SUCCESS;e0 06 00 29 40 01 03 73 ;"?.)@..s";8;;COM1;;
158;05/11/2024 17:48:21;IRP_MJ_READ;DOWN;;;"";;8;COM1;;
159;05/11/2024 17:48:21;IRP_MJ_READ;UP;STATUS_SUCCESS;e0 06 00 29 40 00 00 6f ;"?.)@..o";8;;COM1;;
160;05/11/2024 17:48:21;IRP_MJ_WRITE;DOWN;;e0 05 00 2a 42 00 71 ;"?.*B.q";7;7;COM1;;
161;05/11/2024 17:48:21;IRP_MJ_WRITE;UP;STATUS_SUCCESS;e0 05 00 2a 42 00 71 ;"?.*B.q";7;;COM1;;
162;05/11/2024 17:48:22;IRP_MJ_READ;DOWN;;;"";;9;COM1;;
163;05/11/2024 17:48:22;IRP_MJ_READ;UP;STATUS_SUCCESS;e0 07 00 2a 42 00 01 00 74 ;"?.*B...t";9;;COM1;;
164;05/11/2024 17:48:22;IRP_MJ_WRITE;DOWN;;e0 05 00 2b 41 00 71 ;"?.+A.q";7;7;COM1;;
165;05/11/2024 17:48:22;IRP_MJ_WRITE;UP;STATUS_SUCCESS;e0 05 00 2b 41 00 71 ;"?.+A.q";7;;COM1;;
166;05/11/2024 17:48:22;IRP_MJ_READ;DOWN;;;"";;8;COM1;;
167;05/11/2024 17:48:22;IRP_MJ_READ;UP;STATUS_SUCCESS;e0 06 00 2b 41 00 00 72 ;"?.+A..r";8;;COM1;;
168;05/11/2024 17:48:22;IRP_MJ_WRITE;DOWN;;e0 06 00 2c 40 01 03 76 ;"?.,@..v";8;8;COM1;;
169;05/11/2024 17:48:22;IRP_MJ_WRITE;UP;STATUS_SUCCESS;e0 06 00 2c 40 01 03 76 ;"?.,@..v";8;;COM1;;
170;05/11/2024 17:48:22;IRP_MJ_READ;DOWN;;;"";;8;COM1;;
171;05/11/2024 17:48:22;IRP_MJ_READ;UP;STATUS_SUCCESS;e0 06 00 2c 40 00 00 72 ;"?.,@..r";8;;COM1;;
172;05/11/2024 17:48:22;IRP_MJ_WRITE;DOWN;;e0 05 00 2d 42 00 74 ;"?.-B.t";7;7;COM1;;
173;05/11/2024 17:48:22;IRP_MJ_WRITE;UP;STATUS_SUCCESS;e0 05 00 2d 42 00 74 ;"?.-B.t";7;;COM1;;
174;05/11/2024 17:48:22;IRP_MJ_READ;DOWN;;;"";;9;COM1;;
175;05/11/2024 17:48:22;IRP_MJ_READ;UP;STATUS_SUCCESS;e0 07 00 2d 42 00 01 00 77 ;"?.-B...w";9;;COM1;;
176;05/11/2024 17:48:22;IRP_MJ_WRITE;DOWN;;e0 05 00 2e 41 00 74 ;"?..A.t";7;7;COM1;;
177;05/11/2024 17:48:22;IRP_MJ_WRITE;UP;STATUS_SUCCESS;e0 05 00 2e 41 00 74 ;"?..A.t";7;;COM1;;
178;05/11/2024 17:48:22;IRP_MJ_READ;DOWN;;;"";;8;COM1;;
179;05/11/2024 17:48:22;IRP_MJ_READ;UP;STATUS_SUCCESS;e0 06 00 2e 41 00 00 75 ;"?..A..u";8;;COM1;;
180;05/11/2024 17:48:22;IRP_MJ_WRITE;DOWN;;e0 06 00 2f 40 01 03 79 ;"?./@..y";8;8;COM1;;
181;05/11/2024 17:48:22;IRP_MJ_WRITE;UP;STATUS_SUCCESS;e0 06 00 2f 40 01 03 79 ;"?./@..y";8;;COM1;;
182;05/11/2024 17:48:22;IRP_MJ_READ;DOWN;;;"";;8;COM1;;
183;05/11/2024 17:48:22;IRP_MJ_READ;UP;STATUS_SUCCESS;e0 06 00 2f 40 00 00 75 ;"?./@..u";8;;COM1;;
184;05/11/2024 17:48:23;IRP_MJ_WRITE;DOWN;;e0 05 00 30 42 00 77 ;"?.0B.w";7;7;COM1;;
185;05/11/2024 17:48:23;IRP_MJ_WRITE;UP;STATUS_SUCCESS;e0 05 00 30 42 00 77 ;"?.0B.w";7;;COM1;;
186;05/11/2024 17:48:23;IRP_MJ_READ;DOWN;;;"";;9;COM1;;
187;05/11/2024 17:48:23;IRP_MJ_READ;UP;STATUS_SUCCESS;e0 07 00 30 42 00 01 00 7a ;"?.0B...z";9;;COM1;;
188;05/11/2024 17:48:23;IRP_MJ_WRITE;DOWN;;e0 05 00 31 41 00 77 ;"?.1A.w";7;7;COM1;;
189;05/11/2024 17:48:23;IRP_MJ_WRITE;UP;STATUS_SUCCESS;e0 05 00 31 41 00 77 ;"?.1A.w";7;;COM1;;
190;05/11/2024 17:48:23;IRP_MJ_READ;DOWN;;;"";;8;COM1;;
191;05/11/2024 17:48:23;IRP_MJ_READ;UP;STATUS_SUCCESS;e0 06 00 31 41 00 00 78 ;"?.1A..x";8;;COM1;;
192;05/11/2024 17:48:23;IRP_MJ_WRITE;DOWN;;e0 06 00 32 40 01 03 7c ;"?.2@..|";8;8;COM1;;
193;05/11/2024 17:48:23;IRP_MJ_WRITE;UP;STATUS_SUCCESS;e0 06 00 32 40 01 03 7c ;"?.2@..|";8;;COM1;;
194;05/11/2024 17:48:23;IRP_MJ_READ;DOWN;;;"";;8;COM1;;
195;05/11/2024 17:48:23;IRP_MJ_READ;UP;STATUS_SUCCESS;e0 06 00 32 40 00 00 78 ;"?.2@..x";8;;COM1;;
196;05/11/2024 17:48:23;IRP_MJ_WRITE;DOWN;;e0 05 00 33 42 00 7a ;"?.3B.z";7;7;COM1;;
197;05/11/2024 17:48:23;IRP_MJ_WRITE;UP;STATUS_SUCCESS;e0 05 00 33 42 00 7a ;"?.3B.z";7;;COM1;;
198;05/11/2024 17:48:24;IRP_MJ_READ;DOWN;;;"";;9;COM1;;
199;05/11/2024 17:48:24;IRP_MJ_READ;UP;STATUS_SUCCESS;e0 07 00 33 42 00 01 00 7d ;"?.3B...}";9;;COM1;;
200;05/11/2024 17:48:24;IRP_MJ_WRITE;DOWN;;e0 05 00 34 41 00 7a ;"?.4A.z";7;7;COM1;;
201;05/11/2024 17:48:24;IRP_MJ_WRITE;UP;STATUS_SUCCESS;e0 05 00 34 41 00 7a ;"?.4A.z";7;;COM1;;
202;05/11/2024 17:48:24;IRP_MJ_READ;DOWN;;;"";;8;COM1;;
203;05/11/2024 17:48:24;IRP_MJ_READ;UP;STATUS_SUCCESS;e0 06 00 34 41 00 00 7b ;"?.4A..{";8;;COM1;;
204;05/11/2024 17:48:24;IRP_MJ_WRITE;DOWN;;e0 06 00 35 40 01 03 7f ;"?.5@..";8;8;COM1;;
205;05/11/2024 17:48:24;IRP_MJ_WRITE;UP;STATUS_SUCCESS;e0 06 00 35 40 01 03 7f ;"?.5@..";8;;COM1;;
206;05/11/2024 17:48:24;IRP_MJ_READ;DOWN;;;"";;8;COM1;;
207;05/11/2024 17:48:24;IRP_MJ_READ;UP;STATUS_SUCCESS;e0 06 00 35 40 00 00 7b ;"?.5@..{";8;;COM1;;
208;05/11/2024 17:48:24;IRP_MJ_WRITE;DOWN;;e0 05 00 36 42 00 7d ;"?.6B.}";7;7;COM1;;
209;05/11/2024 17:48:24;IRP_MJ_WRITE;UP;STATUS_SUCCESS;e0 05 00 36 42 00 7d ;"?.6B.}";7;;COM1;;
210;05/11/2024 17:48:24;IRP_MJ_READ;DOWN;;;"";;9;COM1;;
211;05/11/2024 17:48:24;IRP_MJ_READ;UP;STATUS_SUCCESS;e0 07 00 36 42 00 01 00 80 ;"?.6B...Ä";9;;COM1;;
212;05/11/2024 17:48:24;IRP_MJ_WRITE;DOWN;;e0 05 00 37 41 00 7d ;"?.7A.}";7;7;COM1;;
213;05/11/2024 17:48:24;IRP_MJ_WRITE;UP;STATUS_SUCCESS;e0 05 00 37 41 00 7d ;"?.7A.}";7;;COM1;;
214;05/11/2024 17:48:24;IRP_MJ_READ;DOWN;;;"";;8;COM1;;
215;05/11/2024 17:48:24;IRP_MJ_READ;UP;STATUS_SUCCESS;e0 06 00 37 41 00 00 7e ;"?.7A..~";8;;COM1;;
216;05/11/2024 17:48:25;IRP_MJ_WRITE;DOWN;;e0 06 00 38 40 01 03 82 ;"?.8@..?";8;8;COM1;;
217;05/11/2024 17:48:25;IRP_MJ_WRITE;UP;STATUS_SUCCESS;e0 06 00 38 40 01 03 82 ;"?.8@..?";8;;COM1;;
218;05/11/2024 17:48:25;IRP_MJ_READ;DOWN;;;"";;8;COM1;;
219;05/11/2024 17:48:25;IRP_MJ_READ;UP;STATUS_SUCCESS;e0 06 00 38 40 00 00 7e ;"?.8@..~";8;;COM1;;
220;05/11/2024 17:48:25;IRP_MJ_WRITE;DOWN;;e0 05 00 39 42 00 80 ;"?.9B.Ä";7;7;COM1;;
221;05/11/2024 17:48:25;IRP_MJ_WRITE;UP;STATUS_SUCCESS;e0 05 00 39 42 00 80 ;"?.9B.Ä";7;;COM1;;
222;05/11/2024 17:48:25;IRP_MJ_READ;DOWN;;;"";;9;COM1;;
223;05/11/2024 17:48:25;IRP_MJ_READ;UP;STATUS_SUCCESS;e0 07 00 39 42 00 01 00 83 ;"?.9B...?";9;;COM1;;
224;05/11/2024 17:48:25;IRP_MJ_WRITE;DOWN;;e0 05 00 3a 41 00 80 ;"?.:A.Ä";7;7;COM1;;
225;05/11/2024 17:48:25;IRP_MJ_WRITE;UP;STATUS_SUCCESS;e0 05 00 3a 41 00 80 ;"?.:A.Ä";7;;COM1;;
226;05/11/2024 17:48:25;IRP_MJ_READ;DOWN;;;"";;8;COM1;;
227;05/11/2024 17:48:25;IRP_MJ_READ;UP;STATUS_SUCCESS;e0 06 00 3a 41 00 00 81 ;"?.:A..?";8;;COM1;;
228;05/11/2024 17:48:25;IRP_MJ_WRITE;DOWN;;e0 06 00 3b 40 01 03 85 ;"?.;@..?";8;8;COM1;;
229;05/11/2024 17:48:25;IRP_MJ_WRITE;UP;STATUS_SUCCESS;e0 06 00 3b 40 01 03 85 ;"?.;@..?";8;;COM1;;
230;05/11/2024 17:48:25;IRP_MJ_READ;DOWN;;;"";;8;COM1;;
231;05/11/2024 17:48:25;IRP_MJ_READ;UP;STATUS_SUCCESS;e0 06 00 3b 40 00 00 81 ;"?.;@..?";8;;COM1;;
232;05/11/2024 17:48:26;IRP_MJ_WRITE;DOWN;;e0 05 00 3c 42 00 83 ;"?.<B.?";7;7;COM1;;
233;05/11/2024 17:48:26;IRP_MJ_WRITE;UP;STATUS_SUCCESS;e0 05 00 3c 42 00 83 ;"?.<B.?";7;;COM1;;
234;05/11/2024 17:48:26;IRP_MJ_READ;DOWN;;;"";;9;COM1;;
235;05/11/2024 17:48:26;IRP_MJ_READ;UP;STATUS_SUCCESS;e0 07 00 3c 42 00 01 00 86 ;"?.<B...?";9;;COM1;;
236;05/11/2024 17:48:26;IRP_MJ_WRITE;DOWN;;e0 05 00 3d 41 00 83 ;"?.=A.?";7;7;COM1;;
237;05/11/2024 17:48:26;IRP_MJ_WRITE;UP;STATUS_SUCCESS;e0 05 00 3d 41 00 83 ;"?.=A.?";7;;COM1;;
238;05/11/2024 17:48:26;IRP_MJ_READ;DOWN;;;"";;8;COM1;;
239;05/11/2024 17:48:26;IRP_MJ_READ;UP;STATUS_SUCCESS;e0 06 00 3d 41 00 00 84 ;"?.=A..?";8;;COM1;;
240;05/11/2024 17:48:26;IRP_MJ_WRITE;DOWN;;e0 06 00 3e 40 01 03 88 ;"?.>@..?";8;8;COM1;;
241;05/11/2024 17:48:26;IRP_MJ_WRITE;UP;STATUS_SUCCESS;e0 06 00 3e 40 01 03 88 ;"?.>@..?";8;;COM1;;
242;05/11/2024 17:48:26;IRP_MJ_READ;DOWN;;;"";;8;COM1;;
243;05/11/2024 17:48:26;IRP_MJ_READ;UP;STATUS_SUCCESS;e0 06 00 3e 40 00 00 84 ;"?.>@..?";8;;COM1;;
244;05/11/2024 17:48:26;IRP_MJ_WRITE;DOWN;;e0 05 00 3f 41 00 85 ;"?.?A.?";7;7;COM1;;
245;05/11/2024 17:48:26;IRP_MJ_WRITE;UP;STATUS_SUCCESS;e0 05 00 3f 41 00 85 ;"?.?A.?";7;;COM1;;
246;05/11/2024 17:48:26;IRP_MJ_READ;DOWN;;;"";;8;COM1;;
247;05/11/2024 17:48:26;IRP_MJ_READ;UP;STATUS_SUCCESS;e0 06 00 3f 41 00 00 86 ;"?.?A..?";8;;COM1;;
248;05/11/2024 17:48:26;IRP_MJ_WRITE;DOWN;;e0 08 08 41 81 03 ff ff ff d2 ;"?.A?ˇˇˇ?";10;10;COM1;;
249;05/11/2024 17:48:26;IRP_MJ_WRITE;UP;STATUS_SUCCESS;e0 08 08 41 81 03 ff ff ff d2 ;"?.A?ˇˇˇ?";10;;COM1;;
250;05/11/2024 17:48:26;IRP_MJ_WRITE;DOWN;;e0 05 00 42 62 00 a9 ;"?.Bb.?";7;7;COM1;;
251;05/11/2024 17:48:26;IRP_MJ_WRITE;UP;STATUS_SUCCESS;e0 05 00 42 62 00 a9 ;"?.Bb.?";7;;COM1;;
252;05/11/2024 17:48:26;IRP_MJ_READ;DOWN;;;"";;8;COM1;;
253;05/11/2024 17:48:26;IRP_MJ_READ;UP;STATUS_SUCCESS;e0 06 00 42 62 03 00 ad ;"?.Bb..?";8;;COM1;;
254;05/11/2024 17:48:26;IRP_MJ_WRITE;DOWN;;e0 05 00 43 30 00 78 ;"?.C0.x";7;7;COM1;;
255;05/11/2024 17:48:26;IRP_MJ_WRITE;UP;STATUS_SUCCESS;e0 05 00 43 30 00 78 ;"?.C0.x";7;;COM1;;
256;05/11/2024 17:48:26;IRP_MJ_READ;DOWN;;;"";;9;COM1;;
257;05/11/2024 17:48:26;IRP_MJ_READ;UP;STATUS_SUCCESS;e0 07 00 43 30 00 01 94 0f ;"?.C0..?";9;;COM1;;
258;05/11/2024 17:48:26;IRP_MJ_WRITE;DOWN;;e0 05 00 44 32 00 7b ;"?.D2.{";7;7;COM1;;
259;05/11/2024 17:48:26;IRP_MJ_WRITE;UP;STATUS_SUCCESS;e0 05 00 44 32 00 7b ;"?.D2.{";7;;COM1;;
260;05/11/2024 17:48:26;IRP_MJ_READ;DOWN;;;"";;17;COM1;;
261;05/11/2024 17:48:26;IRP_MJ_READ;UP;STATUS_SUCCESS;e0 0f 00 44 32 00 09 38 33 37 2d 31 35 33 39 36 65 ;"?.D2..837-15396e";17;;COM1;;
262;05/11/2024 17:48:26;IRP_MJ_WRITE;DOWN;;e0 05 08 45 f5 00 47 ;"?.E?.G";7;7;COM1;;
263;05/11/2024 17:48:26;IRP_MJ_WRITE;UP;STATUS_SUCCESS;e0 05 08 45 f5 00 47 ;"?.E?.G";7;;COM1;;
264;05/11/2024 17:48:26;IRP_MJ_READ;DOWN;;;"";;8;COM1;;
265;05/11/2024 17:48:26;IRP_MJ_READ;UP;STATUS_SUCCESS;e0 06 08 45 f5 00 00 48 ;"?.E?..H";8;;COM1;;
266;05/11/2024 17:48:26;IRP_MJ_WRITE;DOWN;;e0 05 08 46 f0 00 43 ;"?.F?.C";7;7;COM1;;
267;05/11/2024 17:48:26;IRP_MJ_WRITE;UP;STATUS_SUCCESS;e0 05 08 46 f0 00 43 ;"?.F?.C";7;;COM1;;
268;05/11/2024 17:48:26;IRP_MJ_READ;DOWN;;;"";;20;COM1;;
269;05/11/2024 17:48:26;IRP_MJ_READ;UP;STATUS_SUCCESS;e0 12 08 46 f0 00 0c 30 30 30 2d 30 30 30 30 30 ff 11 40 59 ;"?.F?..000-00000ˇ.@Y";20;;COM1;;
270;05/11/2024 17:48:26;IRP_MJ_WRITE;DOWN;;e0 0b 00 47 54 06 57 43 43 46 76 32 77 ;"?.GT.WCCFv2w";13;13;COM1;;
271;05/11/2024 17:48:26;IRP_MJ_WRITE;UP;STATUS_SUCCESS;e0 0b 00 47 54 06 57 43 43 46 76 32 77 ;"?.GT.WCCFv2w";13;;COM1;;
272;05/11/2024 17:48:26;IRP_MJ_READ;DOWN;;;"";;8;COM1;;
273;05/11/2024 17:48:26;IRP_MJ_READ;UP;STATUS_SUCCESS;e0 06 00 47 54 00 00 a1 ;"?.GT..?";8;;COM1;;
274;05/11/2024 17:48:26;IRP_MJ_WRITE;DOWN;;e0 0b 00 48 50 06 60 90 d0 cf 06 32 f5 96 ;"?.HP.`ê–?2ıñ";14;14;COM1;;
275;05/11/2024 17:48:26;IRP_MJ_WRITE;UP;STATUS_SUCCESS;e0 0b 00 48 50 06 60 90 d0 cf 06 32 f5 96 ;"?.HP.`ê–?2ıñ";14;;COM1;;
276;05/11/2024 17:48:26;IRP_MJ_READ;DOWN;;;"";;8;COM1;;
277;05/11/2024 17:48:26;IRP_MJ_READ;UP;STATUS_SUCCESS;e0 06 00 48 50 00 00 9e ;"?.HP..?";8;;COM1;;
278;05/11/2024 17:48:26;IRP_MJ_WRITE;DOWN;;e0 08 08 49 81 03 ff ff ff da ;"?.I?ˇˇˇ?";10;10;COM1;;
279;05/11/2024 17:48:26;IRP_MJ_WRITE;UP;STATUS_SUCCESS;e0 08 08 49 81 03 ff ff ff da ;"?.I?ˇˇˇ?";10;;COM1;;
280;05/11/2024 17:48:26;IRP_MJ_WRITE;DOWN;;e0 05 00 4a 62 00 b1 ;"?.Jb.?";7;7;COM1;;
281;05/11/2024 17:48:26;IRP_MJ_WRITE;UP;STATUS_SUCCESS;e0 05 00 4a 62 00 b1 ;"?.Jb.?";7;;COM1;;
282;05/11/2024 17:48:26;IRP_MJ_READ;DOWN;;;"";;8;COM1;;
283;05/11/2024 17:48:26;IRP_MJ_READ;UP;STATUS_SUCCESS;e0 06 00 4a 62 03 00 b5 ;"?.Jb..?";8;;COM1;;
284;05/11/2024 17:48:26;IRP_MJ_WRITE;DOWN;;e0 05 00 4b 30 00 80 ;"?.K0.Ä";7;7;COM1;;
285;05/11/2024 17:48:26;IRP_MJ_WRITE;UP;STATUS_SUCCESS;e0 05 00 4b 30 00 80 ;"?.K0.Ä";7;;COM1;;
286;05/11/2024 17:48:26;IRP_MJ_READ;DOWN;;;"";;9;COM1;;
287;05/11/2024 17:48:26;IRP_MJ_READ;UP;STATUS_SUCCESS;e0 07 00 4b 30 00 01 94 17 ;"?.K0..?";9;;COM1;;
288;05/11/2024 17:48:26;IRP_MJ_WRITE;DOWN;;e0 05 00 4c 32 00 83 ;"?.L2.?";7;7;COM1;;
289;05/11/2024 17:48:26;IRP_MJ_WRITE;UP;STATUS_SUCCESS;e0 05 00 4c 32 00 83 ;"?.L2.?";7;;COM1;;
290;05/11/2024 17:48:26;IRP_MJ_READ;DOWN;;;"";;17;COM1;;
291;05/11/2024 17:48:26;IRP_MJ_READ;UP;STATUS_SUCCESS;e0 0f 00 4c 32 00 09 38 33 37 2d 31 35 33 39 36 6d ;"?.L2..837-15396m";17;;COM1;;
292;05/11/2024 17:48:26;IRP_MJ_WRITE;DOWN;;e0 05 08 4d f5 00 4f ;"?.M?.O";7;7;COM1;;
293;05/11/2024 17:48:26;IRP_MJ_WRITE;UP;STATUS_SUCCESS;e0 05 08 4d f5 00 4f ;"?.M?.O";7;;COM1;;
294;05/11/2024 17:48:27;IRP_MJ_READ;DOWN;;;"";;8;COM1;;
295;05/11/2024 17:48:27;IRP_MJ_READ;UP;STATUS_SUCCESS;e0 06 08 4d f5 00 00 50 ;"?.M?..P";8;;COM1;;
296;05/11/2024 17:48:27;IRP_MJ_WRITE;DOWN;;e0 05 08 4e f0 00 4b ;"?.N?.K";7;7;COM1;;
297;05/11/2024 17:48:27;IRP_MJ_WRITE;UP;STATUS_SUCCESS;e0 05 08 4e f0 00 4b ;"?.N?.K";7;;COM1;;
298;05/11/2024 17:48:27;IRP_MJ_READ;DOWN;;;"";;20;COM1;;
299;05/11/2024 17:48:27;IRP_MJ_READ;UP;STATUS_SUCCESS;e0 12 08 4e f0 00 0c 30 30 30 2d 30 30 30 30 30 ff 11 40 61 ;"?.N?..000-00000ˇ.@a";20;;COM1;;
300;05/11/2024 17:48:27;IRP_MJ_WRITE;DOWN;;e0 0b 00 4f 54 06 57 43 43 46 76 32 7f ;"?.OT.WCCFv2";13;13;COM1;;
301;05/11/2024 17:48:27;IRP_MJ_WRITE;UP;STATUS_SUCCESS;e0 0b 00 4f 54 06 57 43 43 46 76 32 7f ;"?.OT.WCCFv2";13;;COM1;;
302;05/11/2024 17:48:27;IRP_MJ_READ;DOWN;;;"";;8;COM1;;
303;05/11/2024 17:48:27;IRP_MJ_READ;UP;STATUS_SUCCESS;e0 06 00 4f 54 00 00 a9 ;"?.OT..?";8;;COM1;;
304;05/11/2024 17:48:27;IRP_MJ_WRITE;DOWN;;e0 0b 00 50 50 06 60 90 d0 cf 06 32 f5 9e ;"?.PP.`ê–?2ıû";14;14;COM1;;
305;05/11/2024 17:48:27;IRP_MJ_WRITE;UP;STATUS_SUCCESS;e0 0b 00 50 50 06 60 90 d0 cf 06 32 f5 9e ;"?.PP.`ê–?2ıû";14;;COM1;;
306;05/11/2024 17:48:27;IRP_MJ_READ;DOWN;;;"";;8;COM1;;
307;05/11/2024 17:48:27;IRP_MJ_READ;UP;STATUS_SUCCESS;e0 06 00 50 50 00 00 a6 ;"?.PP..?";8;;COM1;;
308;05/11/2024 17:48:27;IRP_MJ_WRITE;DOWN;;e0 06 00 51 40 01 03 9b ;"?.Q@..?";8;8;COM1;;
309;05/11/2024 17:48:27;IRP_MJ_WRITE;UP;STATUS_SUCCESS;e0 06 00 51 40 01 03 9b ;"?.Q@..?";8;;COM1;;
310;05/11/2024 17:48:27;IRP_MJ_READ;DOWN;;;"";;8;COM1;;
311;05/11/2024 17:48:27;IRP_MJ_READ;UP;STATUS_SUCCESS;e0 06 00 51 40 00 00 97 ;"?.Q@..?";8;;COM1;;
312;05/11/2024 17:48:27;IRP_MJ_WRITE;DOWN;;e0 05 00 52 42 00 99 ;"?.RB.?";7;7;COM1;;
313;05/11/2024 17:48:27;IRP_MJ_WRITE;UP;STATUS_SUCCESS;e0 05 00 52 42 00 99 ;"?.RB.?";7;;COM1;;
314;05/11/2024 17:48:27;IRP_MJ_READ;DOWN;;;"";;9;COM1;;
315;05/11/2024 17:48:27;IRP_MJ_READ;UP;STATUS_SUCCESS;e0 07 00 52 42 00 01 00 9c ;"?.RB...?";9;;COM1;;
316;05/11/2024 17:48:27;IRP_MJ_WRITE;DOWN;;e0 05 00 53 41 00 99 ;"?.SA.?";7;7;COM1;;
317;05/11/2024 17:48:27;IRP_MJ_WRITE;UP;STATUS_SUCCESS;e0 05 00 53 41 00 99 ;"?.SA.?";7;;COM1;;
318;05/11/2024 17:48:27;IRP_MJ_READ;DOWN;;;"";;8;COM1;;
319;05/11/2024 17:48:27;IRP_MJ_READ;UP;STATUS_SUCCESS;e0 06 00 53 41 00 00 9a ;"?.SA..?";8;;COM1;;
320;05/11/2024 17:48:27;IRP_MJ_WRITE;DOWN;;e0 06 00 54 40 01 03 9e ;"?.T@..?";8;8;COM1;;
321;05/11/2024 17:48:27;IRP_MJ_WRITE;UP;STATUS_SUCCESS;e0 06 00 54 40 01 03 9e ;"?.T@..?";8;;COM1;;
322;05/11/2024 17:48:27;IRP_MJ_READ;DOWN;;;"";;8;COM1;;
323;05/11/2024 17:48:27;IRP_MJ_READ;UP;STATUS_SUCCESS;e0 06 00 54 40 00 00 9a ;"?.T@..?";8;;COM1;;
324;05/11/2024 17:48:28;IRP_MJ_WRITE;DOWN;;e0 05 00 55 42 00 9c ;"?.UB.?";7;7;COM1;;
325;05/11/2024 17:48:28;IRP_MJ_WRITE;UP;STATUS_SUCCESS;e0 05 00 55 42 00 9c ;"?.UB.?";7;;COM1;;
326;05/11/2024 17:48:28;IRP_MJ_READ;DOWN;;;"";;15;COM1;;
327;05/11/2024 17:48:28;IRP_MJ_READ;UP;STATUS_SUCCESS;e0 0d 00 55 42 00 07 01 10 04 33 63 28 15 93 ;"?.UB.....3c(.?";15;;COM1;;
328;05/11/2024 17:48:28;IRP_MJ_WRITE;DOWN;;e0 09 00 56 43 04 33 63 28 15 79 ;"?.VC.3c(.y";11;11;COM1;;
329;05/11/2024 17:48:28;IRP_MJ_WRITE;UP;STATUS_SUCCESS;e0 09 00 56 43 04 33 63 28 15 79 ;"?.VC.3c(.y";11;;COM1;;
330;05/11/2024 17:48:28;IRP_MJ_READ;DOWN;;;"";;8;COM1;;
331;05/11/2024 17:48:28;IRP_MJ_READ;UP;STATUS_SUCCESS;e0 06 00 56 43 00 00 9f ;"?.VC..?";8;;COM1;;
332;05/11/2024 17:48:28;IRP_MJ_WRITE;DOWN;;e0 0a 00 57 55 05 33 63 28 15 03 91 ;"?.WU.3c(..?";12;12;COM1;;
333;05/11/2024 17:48:28;IRP_MJ_WRITE;UP;STATUS_SUCCESS;e0 0a 00 57 55 05 33 63 28 15 03 91 ;"?.WU.3c(..?";12;;COM1;;
334;05/11/2024 17:48:28;IRP_MJ_READ;DOWN;;;"";;8;COM1;;
335;05/11/2024 17:48:28;IRP_MJ_READ;UP;STATUS_SUCCESS;e0 06 00 57 55 00 00 b2 ;"?.WU..?";8;;COM1;;
336;05/11/2024 17:48:28;IRP_MJ_WRITE;DOWN;;e0 0a 00 58 52 05 33 63 28 15 00 8c ;"?.XR.3c(..?";12;12;COM1;;
337;05/11/2024 17:48:28;IRP_MJ_WRITE;UP;STATUS_SUCCESS;e0 0a 00 58 52 05 33 63 28 15 00 8c ;"?.XR.3c(..?";12;;COM1;;
338;05/11/2024 17:48:28;IRP_MJ_READ;DOWN;;;"";;24;COM1;;
339;05/11/2024 17:48:28;IRP_MJ_READ;UP;STATUS_SUCCESS;e0 16 00 58 52 00 10 33 63 28 15 6d 08 04 00 62 63 64 65 66 67 68 69 48 ;"?.XR..3c(.m...bcdefghiH";24;;COM1;;
340;05/11/2024 17:48:28;IRP_MJ_WRITE;DOWN;;e0 0a 00 59 52 05 33 63 28 15 01 8e ;"?.YR.3c(..?";12;12;COM1;;
341;05/11/2024 17:48:28;IRP_MJ_WRITE;UP;STATUS_SUCCESS;e0 0a 00 59 52 05 33 63 28 15 01 8e ;"?.YR.3c(..?";12;;COM1;;
342;05/11/2024 17:48:28;IRP_MJ_READ;DOWN;;;"";;24;COM1;;
343;05/11/2024 17:48:28;IRP_MJ_READ;UP;STATUS_SUCCESS;e0 16 00 59 52 00 10 00 00 00 00 00 00 00 00 00 00 00 00 00 00 00 00 d1 ;"?.YR..................?";24;;COM1;;
344;05/11/2024 17:48:28;IRP_MJ_WRITE;DOWN;;e0 0a 00 5a 52 05 33 63 28 15 02 90 ;"?.ZR.3c(..?";12;12;COM1;;
345;05/11/2024 17:48:28;IRP_MJ_WRITE;UP;STATUS_SUCCESS;e0 0a 00 5a 52 05 33 63 28 15 02 90 ;"?.ZR.3c(..?";12;;COM1;;
346;05/11/2024 17:48:28;IRP_MJ_READ;DOWN;;;"";;24;COM1;;
347;05/11/2024 17:48:28;IRP_MJ_READ;UP;STATUS_SUCCESS;e0 16 00 5a 52 00 10 00 00 00 00 00 00 10 11 45 14 19 19 81 02 33 33 67 ;"?.ZR..........E...?33g";24;;COM1;;
348;05/11/2024 17:48:28;IRP_MJ_WRITE;DOWN;;e0 05 00 5b 41 00 a1 ;"?.[A.?";7;7;COM1;;
349;05/11/2024 17:48:28;IRP_MJ_WRITE;UP;STATUS_SUCCESS;e0 05 00 5b 41 00 a1 ;"?.[A.?";7;;COM1;;
350;05/11/2024 17:48:28;IRP_MJ_READ;DOWN;;;"";;8;COM1;;
351;05/11/2024 17:48:28;IRP_MJ_READ;UP;STATUS_SUCCESS;e0 06 00 5b 41 00 00 a2 ;"?.[A..?";8;;COM1;;
352;05/11/2024 17:48:28;IRP_MJ_WRITE;DOWN;;e0 08 08 5c 81 03 00 00 00 f0 ;"?.\?...?";10;10;COM1;;
353;05/11/2024 17:48:28;IRP_MJ_WRITE;UP;STATUS_SUCCESS;e0 08 08 5c 81 03 00 00 00 f0 ;"?.\?...?";10;;COM1;;
354;05/11/2024 17:48:28;IRP_MJ_WRITE;DOWN;;e0 08 08 5d 81 03 00 00 ff f0 ;"?.]?..ˇ?";10;10;COM1;;
355;05/11/2024 17:48:28;IRP_MJ_WRITE;UP;STATUS_SUCCESS;e0 08 08 5d 81 03 00 00 ff f0 ;"?.]?..ˇ?";10;;COM1;;
356;05/11/2024 17:48:30;IRP_MJ_WRITE;DOWN;;e0 08 08 5e 81 03 00 00 00 f2 ;"?.^?...?";10;10;COM1;;
357;05/11/2024 17:48:30;IRP_MJ_WRITE;UP;STATUS_SUCCESS;e0 08 08 5e 81 03 00 00 00 f2 ;"?.^?...?";10;;COM1;;
358;05/11/2024 17:48:32;IRP_MJ_WRITE;DOWN;;e0 08 08 5f 81 03 ff ff ff f0 ;"?._?ˇˇˇ?";10;10;COM1;;
359;05/11/2024 17:48:32;IRP_MJ_WRITE;UP;STATUS_SUCCESS;e0 08 08 5f 81 03 ff ff ff f0 ;"?._?ˇˇˇ?";10;;COM1;;
360;05/11/2024 17:48:32;IRP_MJ_WRITE;DOWN;;e0 05 00 60 62 00 c7 ;"?.`b.?";7;7;COM1;;
361;05/11/2024 17:48:32;IRP_MJ_WRITE;UP;STATUS_SUCCESS;e0 05 00 60 62 00 c7 ;"?.`b.?";7;;COM1;;
362;05/11/2024 17:48:32;IRP_MJ_READ;DOWN;;;"";;8;COM1;;
363;05/11/2024 17:48:32;IRP_MJ_READ;UP;STATUS_SUCCESS;e0 06 00 60 62 03 00 cb ;"?.`b..?";8;;COM1;;
364;05/11/2024 17:48:32;IRP_MJ_WRITE;DOWN;;e0 05 00 61 30 00 96 ;"?.a0.?";7;7;COM1;;
365;05/11/2024 17:48:32;IRP_MJ_WRITE;UP;STATUS_SUCCESS;e0 05 00 61 30 00 96 ;"?.a0.?";7;;COM1;;
366;05/11/2024 17:48:32;IRP_MJ_READ;DOWN;;;"";;9;COM1;;
367;05/11/2024 17:48:32;IRP_MJ_READ;UP;STATUS_SUCCESS;e0 07 00 61 30 00 01 94 2d ;"?.a0..?";9;;COM1;;
368;05/11/2024 17:48:32;IRP_MJ_WRITE;DOWN;;e0 05 00 62 32 00 99 ;"?.b2.?";7;7;COM1;;
369;05/11/2024 17:48:32;IRP_MJ_WRITE;UP;STATUS_SUCCESS;e0 05 00 62 32 00 99 ;"?.b2.?";7;;COM1;;
370;05/11/2024 17:48:32;IRP_MJ_READ;DOWN;;;"";;17;COM1;;
371;05/11/2024 17:48:32;IRP_MJ_READ;UP;STATUS_SUCCESS;e0 0f 00 62 32 00 09 38 33 37 2d 31 35 33 39 36 83 ;"?.b2..837-15396?";17;;COM1;;
372;05/11/2024 17:48:32;IRP_MJ_WRITE;DOWN;;e0 05 08 63 f5 00 65 ;"?.c?.e";7;7;COM1;;
373;05/11/2024 17:48:32;IRP_MJ_WRITE;UP;STATUS_SUCCESS;e0 05 08 63 f5 00 65 ;"?.c?.e";7;;COM1;;
374;05/11/2024 17:48:32;IRP_MJ_READ;DOWN;;;"";;8;COM1;;
375;05/11/2024 17:48:32;IRP_MJ_READ;UP;STATUS_SUCCESS;e0 06 08 63 f5 00 00 66 ;"?.c?..f";8;;COM1;;
376;05/11/2024 17:48:32;IRP_MJ_WRITE;DOWN;;e0 05 08 64 f0 00 61 ;"?.d?.a";7;7;COM1;;
377;05/11/2024 17:48:32;IRP_MJ_WRITE;UP;STATUS_SUCCESS;e0 05 08 64 f0 00 61 ;"?.d?.a";7;;COM1;;
378;05/11/2024 17:48:32;IRP_MJ_READ;DOWN;;;"";;20;COM1;;
379;05/11/2024 17:48:32;IRP_MJ_READ;UP;STATUS_SUCCESS;e0 12 08 64 f0 00 0c 30 30 30 2d 30 30 30 30 30 ff 11 40 77 ;"?.d?..000-00000ˇ.@w";20;;COM1;;
380;05/11/2024 17:48:32;IRP_MJ_WRITE;DOWN;;e0 0b 00 65 54 06 57 43 43 46 76 32 95 ;"?.eT.WCCFv2?";13;13;COM1;;
381;05/11/2024 17:48:32;IRP_MJ_WRITE;UP;STATUS_SUCCESS;e0 0b 00 65 54 06 57 43 43 46 76 32 95 ;"?.eT.WCCFv2?";13;;COM1;;
382;05/11/2024 17:48:32;IRP_MJ_READ;DOWN;;;"";;8;COM1;;
383;05/11/2024 17:48:32;IRP_MJ_READ;UP;STATUS_SUCCESS;e0 06 00 65 54 00 00 bf ;"?.eT..?";8;;COM1;;
384;05/11/2024 17:48:32;IRP_MJ_WRITE;DOWN;;e0 0b 00 66 50 06 60 90 d0 cf 06 32 f5 b4 ;"?.fP.`ê–?2ı¥";14;14;COM1;;
385;05/11/2024 17:48:32;IRP_MJ_WRITE;UP;STATUS_SUCCESS;e0 0b 00 66 50 06 60 90 d0 cf 06 32 f5 b4 ;"?.fP.`ê–?2ı¥";14;;COM1;;
386;05/11/2024 17:48:32;IRP_MJ_READ;DOWN;;;"";;8;COM1;;
387;05/11/2024 17:48:32;IRP_MJ_READ;UP;STATUS_SUCCESS;e0 06 00 66 50 00 00 bc ;"?.fP..?";8;;COM1;;
388;05/11/2024 17:48:32;IRP_MJ_WRITE;DOWN;;e0 08 08 67 81 03 ff ff ff f8 ;"?.g?ˇˇˇ?";10;10;COM1;;
389;05/11/2024 17:48:32;IRP_MJ_WRITE;UP;STATUS_SUCCESS;e0 08 08 67 81 03 ff ff ff f8 ;"?.g?ˇˇˇ?";10;;COM1;;
390;05/11/2024 17:48:32;IRP_MJ_WRITE;DOWN;;e0 05 00 68 62 00 cf ;"?.hb.?";7;7;COM1;;
391;05/11/2024 17:48:32;IRP_MJ_WRITE;UP;STATUS_SUCCESS;e0 05 00 68 62 00 cf ;"?.hb.?";7;;COM1;;
392;05/11/2024 17:48:32;IRP_MJ_READ;DOWN;;;"";;8;COM1;;
393;05/11/2024 17:48:32;IRP_MJ_READ;UP;STATUS_SUCCESS;e0 06 00 68 62 03 00 d3 ;"?.hb..?";8;;COM1;;
394;05/11/2024 17:48:32;IRP_MJ_WRITE;DOWN;;e0 05 00 69 30 00 9e ;"?.i0.?";7;7;COM1;;
395;05/11/2024 17:48:32;IRP_MJ_WRITE;UP;STATUS_SUCCESS;e0 05 00 69 30 00 9e ;"?.i0.?";7;;COM1;;
396;05/11/2024 17:48:32;IRP_MJ_READ;DOWN;;;"";;9;COM1;;
397;05/11/2024 17:48:32;IRP_MJ_READ;UP;STATUS_SUCCESS;e0 07 00 69 30 00 01 94 35 ;"?.i0..?";9;;COM1;;
398;05/11/2024 17:48:32;IRP_MJ_WRITE;DOWN;;e0 05 00 6a 32 00 a1 ;"?.j2.?";7;7;COM1;;
399;05/11/2024 17:48:32;IRP_MJ_WRITE;UP;STATUS_SUCCESS;e0 05 00 6a 32 00 a1 ;"?.j2.?";7;;COM1;;
400;05/11/2024 17:48:32;IRP_MJ_READ;DOWN;;;"";;17;COM1;;
401;05/11/2024 17:48:32;IRP_MJ_READ;UP;STATUS_SUCCESS;e0 0f 00 6a 32 00 09 38 33 37 2d 31 35 33 39 36 8b ;"?.j2..837-15396?";17;;COM1;;
402;05/11/2024 17:48:33;IRP_MJ_WRITE;DOWN;;e0 05 08 6b f5 00 6d ;"?.k?.m";7;7;COM1;;
403;05/11/2024 17:48:33;IRP_MJ_WRITE;UP;STATUS_SUCCESS;e0 05 08 6b f5 00 6d ;"?.k?.m";7;;COM1;;
404;05/11/2024 17:48:33;IRP_MJ_READ;DOWN;;;"";;8;COM1;;
405;05/11/2024 17:48:33;IRP_MJ_READ;UP;STATUS_SUCCESS;e0 06 08 6b f5 00 00 6e ;"?.k?..n";8;;COM1;;
406;05/11/2024 17:48:33;IRP_MJ_WRITE;DOWN;;e0 05 08 6c f0 00 69 ;"?.l?.i";7;7;COM1;;
407;05/11/2024 17:48:33;IRP_MJ_WRITE;UP;STATUS_SUCCESS;e0 05 08 6c f0 00 69 ;"?.l?.i";7;;COM1;;
408;05/11/2024 17:48:33;IRP_MJ_READ;DOWN;;;"";;20;COM1;;
409;05/11/2024 17:48:33;IRP_MJ_READ;UP;STATUS_SUCCESS;e0 12 08 6c f0 00 0c 30 30 30 2d 30 30 30 30 30 ff 11 40 7f ;"?.l?..000-00000ˇ.@";20;;COM1;;
410;05/11/2024 17:48:33;IRP_MJ_WRITE;DOWN;;e0 0b 00 6d 54 06 57 43 43 46 76 32 9d ;"?.mT.WCCFv2?";13;13;COM1;;
411;05/11/2024 17:48:33;IRP_MJ_WRITE;UP;STATUS_SUCCESS;e0 0b 00 6d 54 06 57 43 43 46 76 32 9d ;"?.mT.WCCFv2?";13;;COM1;;
412;05/11/2024 17:48:33;IRP_MJ_READ;DOWN;;;"";;8;COM1;;
413;05/11/2024 17:48:33;IRP_MJ_READ;UP;STATUS_SUCCESS;e0 06 00 6d 54 00 00 c7 ;"?.mT..?";8;;COM1;;
414;05/11/2024 17:48:33;IRP_MJ_WRITE;DOWN;;e0 0b 00 6e 50 06 60 90 d0 cf 06 32 f5 bc ;"?.nP.`ê–?2ıº";14;14;COM1;;
415;05/11/2024 17:48:33;IRP_MJ_WRITE;UP;STATUS_SUCCESS;e0 0b 00 6e 50 06 60 90 d0 cf 06 32 f5 bc ;"?.nP.`ê–?2ıº";14;;COM1;;
416;05/11/2024 17:48:33;IRP_MJ_READ;DOWN;;;"";;8;COM1;;
417;05/11/2024 17:48:33;IRP_MJ_READ;UP;STATUS_SUCCESS;e0 06 00 6e 50 00 00 c4 ;"?.nP..?";8;;COM1;;
418;05/11/2024 17:48:33;IRP_MJ_WRITE;DOWN;;e0 06 00 6f 40 01 03 b9 ;"?.o@..?";8;8;COM1;;
419;05/11/2024 17:48:33;IRP_MJ_WRITE;UP;STATUS_SUCCESS;e0 06 00 6f 40 01 03 b9 ;"?.o@..?";8;;COM1;;
420;05/11/2024 17:48:33;IRP_MJ_READ;DOWN;;;"";;8;COM1;;
421;05/11/2024 17:48:33;IRP_MJ_READ;UP;STATUS_SUCCESS;e0 06 00 6f 40 00 00 b5 ;"?.o@..?";8;;COM1;;
422;05/11/2024 17:48:33;IRP_MJ_WRITE;DOWN;;e0 05 00 70 42 00 b7 ;"?.pB.?";7;7;COM1;;
423;05/11/2024 17:48:33;IRP_MJ_WRITE;UP;STATUS_SUCCESS;e0 05 00 70 42 00 b7 ;"?.pB.?";7;;COM1;;
424;05/11/2024 17:48:33;IRP_MJ_READ;DOWN;;;"";;9;COM1;;
425;05/11/2024 17:48:33;IRP_MJ_READ;UP;STATUS_SUCCESS;e0 07 00 70 42 00 01 00 ba ;"?.pB...?";9;;COM1;;
426;05/11/2024 17:48:33;IRP_MJ_WRITE;DOWN;;e0 05 00 71 41 00 b7 ;"?.qA.?";7;7;COM1;;
427;05/11/2024 17:48:33;IRP_MJ_WRITE;UP;STATUS_SUCCESS;e0 05 00 71 41 00 b7 ;"?.qA.?";7;;COM1;;
428;05/11/2024 17:48:33;IRP_MJ_READ;DOWN;;;"";;8;COM1;;
429;05/11/2024 17:48:33;IRP_MJ_READ;UP;STATUS_SUCCESS;e0 06 00 71 41 00 00 b8 ;"?.qA..?";8;;COM1;;
430;05/11/2024 17:48:33;IRP_MJ_WRITE;DOWN;;e0 06 00 72 40 01 03 bc ;"?.r@..?";8;8;COM1;;
431;05/11/2024 17:48:33;IRP_MJ_WRITE;UP;STATUS_SUCCESS;e0 06 00 72 40 01 03 bc ;"?.r@..?";8;;COM1;;
432;05/11/2024 17:48:33;IRP_MJ_READ;DOWN;;;"";;8;COM1;;
433;05/11/2024 17:48:33;IRP_MJ_READ;UP;STATUS_SUCCESS;e0 06 00 72 40 00 00 b8 ;"?.r@..?";8;;COM1;;
434;05/11/2024 17:48:33;IRP_MJ_WRITE;DOWN;;e0 05 00 73 41 00 b9 ;"?.sA.?";7;7;COM1;;
435;05/11/2024 17:48:33;IRP_MJ_WRITE;UP;STATUS_SUCCESS;e0 05 00 73 41 00 b9 ;"?.sA.?";7;;COM1;;
436;05/11/2024 17:48:33;IRP_MJ_READ;DOWN;;;"";;8;COM1;;
437;05/11/2024 17:48:33;IRP_MJ_READ;UP;STATUS_SUCCESS;e0 06 00 73 41 00 00 ba ;"?.sA..?";8;;COM1;;
438;05/11/2024 17:48:34;IRP_MJ_WRITE;DOWN;;e0 08 08 75 81 03 ff ff ff 06 ;"?.u?ˇˇˇ.";10;10;COM1;;
439;05/11/2024 17:48:34;IRP_MJ_WRITE;UP;STATUS_SUCCESS;e0 08 08 75 81 03 ff ff ff 06 ;"?.u?ˇˇˇ.";10;;COM1;;
440;05/11/2024 17:48:34;IRP_MJ_WRITE;DOWN;;e0 05 00 76 62 00 dd ;"?.vb.?";7;7;COM1;;
441;05/11/2024 17:48:34;IRP_MJ_WRITE;UP;STATUS_SUCCESS;e0 05 00 76 62 00 dd ;"?.vb.?";7;;COM1;;
442;05/11/2024 17:48:34;IRP_MJ_READ;DOWN;;;"";;8;COM1;;
443;05/11/2024 17:48:34;IRP_MJ_READ;UP;STATUS_SUCCESS;e0 06 00 76 62 03 00 e1 ;"?.vb..?";8;;COM1;;
444;05/11/2024 17:48:34;IRP_MJ_WRITE;DOWN;;e0 05 00 77 30 00 ac ;"?.w0.?";7;7;COM1;;
445;05/11/2024 17:48:34;IRP_MJ_WRITE;UP;STATUS_SUCCESS;e0 05 00 77 30 00 ac ;"?.w0.?";7;;COM1;;
446;05/11/2024 17:48:34;IRP_MJ_READ;DOWN;;;"";;9;COM1;;
447;05/11/2024 17:48:34;IRP_MJ_READ;UP;STATUS_SUCCESS;e0 07 00 77 30 00 01 94 43 ;"?.w0..îC";9;;COM1;;
448;05/11/2024 17:48:34;IRP_MJ_WRITE;DOWN;;e0 05 00 78 32 00 af ;"?.x2.?";7;7;COM1;;
449;05/11/2024 17:48:34;IRP_MJ_WRITE;UP;STATUS_SUCCESS;e0 05 00 78 32 00 af ;"?.x2.?";7;;COM1;;
450;05/11/2024 17:48:34;IRP_MJ_READ;DOWN;;;"";;17;COM1;;
451;05/11/2024 17:48:34;IRP_MJ_READ;UP;STATUS_SUCCESS;e0 0f 00 78 32 00 09 38 33 37 2d 31 35 33 39 36 99 ;"?.x2..837-15396?";17;;COM1;;
452;05/11/2024 17:48:34;IRP_MJ_WRITE;DOWN;;e0 05 08 79 f5 00 7b ;"?.y?.{";7;7;COM1;;
453;05/11/2024 17:48:34;IRP_MJ_WRITE;UP;STATUS_SUCCESS;e0 05 08 79 f5 00 7b ;"?.y?.{";7;;COM1;;
454;05/11/2024 17:48:34;IRP_MJ_READ;DOWN;;;"";;8;COM1;;
455;05/11/2024 17:48:34;IRP_MJ_READ;UP;STATUS_SUCCESS;e0 06 08 79 f5 00 00 7c ;"?.y?..|";8;;COM1;;
456;05/11/2024 17:48:34;IRP_MJ_WRITE;DOWN;;e0 05 08 7a f0 00 77 ;"?.z?.w";7;7;COM1;;
457;05/11/2024 17:48:34;IRP_MJ_WRITE;UP;STATUS_SUCCESS;e0 05 08 7a f0 00 77 ;"?.z?.w";7;;COM1;;
458;05/11/2024 17:48:34;IRP_MJ_READ;DOWN;;;"";;20;COM1;;
459;05/11/2024 17:48:34;IRP_MJ_READ;UP;STATUS_SUCCESS;e0 12 08 7a f0 00 0c 30 30 30 2d 30 30 30 30 30 ff 11 40 8d ;"?.z?..000-00000ˇ.@?";20;;COM1;;
460;05/11/2024 17:48:34;IRP_MJ_WRITE;DOWN;;e0 0b 00 7b 54 06 57 43 43 46 76 32 ab ;"?.{T.WCCFv2?";13;13;COM1;;
461;05/11/2024 17:48:34;IRP_MJ_WRITE;UP;STATUS_SUCCESS;e0 0b 00 7b 54 06 57 43 43 46 76 32 ab ;"?.{T.WCCFv2?";13;;COM1;;
462;05/11/2024 17:48:34;IRP_MJ_READ;DOWN;;;"";;8;COM1;;
463;05/11/2024 17:48:34;IRP_MJ_READ;UP;STATUS_SUCCESS;e0 06 00 7b 54 00 00 d5 ;"?.{T..?";8;;COM1;;
464;05/11/2024 17:48:34;IRP_MJ_WRITE;DOWN;;e0 0b 00 7c 50 06 60 90 d0 cf 06 32 f5 ca ;"?.|P.`ê–?2ı ";14;14;COM1;;
465;05/11/2024 17:48:34;IRP_MJ_WRITE;UP;STATUS_SUCCESS;e0 0b 00 7c 50 06 60 90 d0 cf 06 32 f5 ca ;"?.|P.`ê–?2ı ";14;;COM1;;
466;05/11/2024 17:48:34;IRP_MJ_READ;DOWN;;;"";;8;COM1;;
467;05/11/2024 17:48:34;IRP_MJ_READ;UP;STATUS_SUCCESS;e0 06 00 7c 50 00 00 d2 ;"?.|P..?";8;;COM1;;
468;05/11/2024 17:48:34;IRP_MJ_WRITE;DOWN;;e0 08 08 7d 81 03 ff ff ff 0e ;"?.}?ˇˇˇ.";10;10;COM1;;
469;05/11/2024 17:48:34;IRP_MJ_WRITE;UP;STATUS_SUCCESS;e0 08 08 7d 81 03 ff ff ff 0e ;"?.}?ˇˇˇ.";10;;COM1;;
470;05/11/2024 17:48:34;IRP_MJ_WRITE;DOWN;;e0 05 00 7e 62 00 e5 ;"?.~b.?";7;7;COM1;;
471;05/11/2024 17:48:34;IRP_MJ_WRITE;UP;STATUS_SUCCESS;e0 05 00 7e 62 00 e5 ;"?.~b.?";7;;COM1;;
472;05/11/2024 17:48:34;IRP_MJ_READ;DOWN;;;"";;8;COM1;;
473;05/11/2024 17:48:34;IRP_MJ_READ;UP;STATUS_SUCCESS;e0 06 00 7e 62 03 00 e9 ;"?.~b..?";8;;COM1;;
474;05/11/2024 17:48:34;IRP_MJ_WRITE;DOWN;;e0 05 00 7f 30 00 b4 ;"?.0.?";7;7;COM1;;
475;05/11/2024 17:48:34;IRP_MJ_WRITE;UP;STATUS_SUCCESS;e0 05 00 7f 30 00 b4 ;"?.0.?";7;;COM1;;
476;05/11/2024 17:48:34;IRP_MJ_READ;DOWN;;;"";;9;COM1;;
477;05/11/2024 17:48:34;IRP_MJ_READ;UP;STATUS_SUCCESS;e0 07 00 7f 30 00 01 94 4b ;"?.0..îK";9;;COM1;;
478;05/11/2024 17:48:34;IRP_MJ_WRITE;DOWN;;e0 05 00 80 32 00 b7 ;"?.Ä2.?";7;7;COM1;;
479;05/11/2024 17:48:34;IRP_MJ_WRITE;UP;STATUS_SUCCESS;e0 05 00 80 32 00 b7 ;"?.Ä2.?";7;;COM1;;
480;05/11/2024 17:48:34;IRP_MJ_READ;DOWN;;;"";;17;COM1;;
481;05/11/2024 17:48:34;IRP_MJ_READ;UP;STATUS_SUCCESS;e0 0f 00 80 32 00 09 38 33 37 2d 31 35 33 39 36 a1 ;"?.Ä2..837-15396?";17;;COM1;;
482;05/11/2024 17:48:34;IRP_MJ_WRITE;DOWN;;e0 05 08 81 f5 00 83 ;"?.Åı.?";7;7;COM1;;
483;05/11/2024 17:48:34;IRP_MJ_WRITE;UP;STATUS_SUCCESS;e0 05 08 81 f5 00 83 ;"?.Åı.?";7;;COM1;;
484;05/11/2024 17:48:34;IRP_MJ_READ;DOWN;;;"";;8;COM1;;
485;05/11/2024 17:48:34;IRP_MJ_READ;UP;STATUS_SUCCESS;e0 06 08 81 f5 00 00 84 ;"?.Åı..?";8;;COM1;;
486;05/11/2024 17:48:34;IRP_MJ_WRITE;DOWN;;e0 05 08 82 f0 00 7f ;"?.Ç.";7;7;COM1;;
487;05/11/2024 17:48:34;IRP_MJ_WRITE;UP;STATUS_SUCCESS;e0 05 08 82 f0 00 7f ;"?.Ç.";7;;COM1;;
488;05/11/2024 17:48:34;IRP_MJ_READ;DOWN;;;"";;20;COM1;;
489;05/11/2024 17:48:34;IRP_MJ_READ;UP;STATUS_SUCCESS;e0 12 08 82 f0 00 0c 30 30 30 2d 30 30 30 30 30 ff 11 40 95 ;"?.Ç..000-00000ˇ.@?";20;;COM1;;
490;05/11/2024 17:48:34;IRP_MJ_WRITE;DOWN;;e0 0b 00 83 54 06 57 43 43 46 76 32 b3 ;"?.ÉT.WCCFv2?";13;13;COM1;;
491;05/11/2024 17:48:34;IRP_MJ_WRITE;UP;STATUS_SUCCESS;e0 0b 00 83 54 06 57 43 43 46 76 32 b3 ;"?.ÉT.WCCFv2?";13;;COM1;;
492;05/11/2024 17:48:34;IRP_MJ_READ;DOWN;;;"";;8;COM1;;
493;05/11/2024 17:48:34;IRP_MJ_READ;UP;STATUS_SUCCESS;e0 06 00 83 54 00 00 dd ;"?.ÉT..?";8;;COM1;;
494;05/11/2024 17:48:34;IRP_MJ_WRITE;DOWN;;e0 0b 00 84 50 06 60 90 d0 cf 06 32 f5 d2 ;"?.ÑP.`ê–?2ı“";14;14;COM1;;
495;05/11/2024 17:48:34;IRP_MJ_WRITE;UP;STATUS_SUCCESS;e0 0b 00 84 50 06 60 90 d0 cf 06 32 f5 d2 ;"?.ÑP.`ê–?2ı“";14;;COM1;;
496;05/11/2024 17:48:34;IRP_MJ_READ;DOWN;;;"";;8;COM1;;
497;05/11/2024 17:48:34;IRP_MJ_READ;UP;STATUS_SUCCESS;e0 06 00 84 50 00 00 da ;"?.ÑP..?";8;;COM1;;
498;05/11/2024 17:48:34;IRP_MJ_WRITE;DOWN;;e0 06 00 85 40 01 03 cf ;"?.Ö@..?";8;8;COM1;;
499;05/11/2024 17:48:34;IRP_MJ_WRITE;UP;STATUS_SUCCESS;e0 06 00 85 40 01 03 cf ;"?.Ö@..?";8;;COM1;;
500;05/11/2024 17:48:34;IRP_MJ_READ;DOWN;;;"";;8;COM1;;
501;05/11/2024 17:48:34;IRP_MJ_READ;UP;STATUS_SUCCESS;e0 06 00 85 40 00 00 cb ;"?.Ö@..?";8;;COM1;;
502;05/11/2024 17:48:34;IRP_MJ_WRITE;DOWN;;e0 05 00 86 42 00 cd ;"?.ÜB.?";7;7;COM1;;
503;05/11/2024 17:48:34;IRP_MJ_WRITE;UP;STATUS_SUCCESS;e0 05 00 86 42 00 cd ;"?.ÜB.?";7;;COM1;;
504;05/11/2024 17:48:35;IRP_MJ_READ;DOWN;;;"";;10;COM1;;
505;05/11/2024 17:48:35;IRP_MJ_READ;UP;STATUS_SUCCESS;e0 07 00 86 42 00 01 00 d0 cf ;"?.ÜB...–œ";10;;COM1;;
506;05/11/2024 17:48:35;IRP_MJ_WRITE;DOWN;;e0 05 00 87 41 00 cd ;"?.áA.?";7;7;COM1;;
507;05/11/2024 17:48:35;IRP_MJ_WRITE;UP;STATUS_SUCCESS;e0 05 00 87 41 00 cd ;"?.áA.?";7;;COM1;;
508;05/11/2024 17:48:35;IRP_MJ_READ;DOWN;;;"";;8;COM1;;
509;05/11/2024 17:48:35;IRP_MJ_READ;UP;STATUS_SUCCESS;e0 06 00 87 41 00 00 ce ;"?.áA..?";8;;COM1;;
510;05/11/2024 17:48:35;IRP_MJ_WRITE;DOWN;;e0 06 00 88 40 01 03 d2 ;"?.à@..?";8;8;COM1;;
511;05/11/2024 17:48:35;IRP_MJ_WRITE;UP;STATUS_SUCCESS;e0 06 00 88 40 01 03 d2 ;"?.à@..?";8;;COM1;;
512;05/11/2024 17:48:35;IRP_MJ_READ;DOWN;;;"";;8;COM1;;
513;05/11/2024 17:48:35;IRP_MJ_READ;UP;STATUS_SUCCESS;e0 06 00 88 40 00 00 ce ;"?.à@..?";8;;COM1;;
514;05/11/2024 17:48:35;IRP_MJ_WRITE;DOWN;;e0 05 00 89 42 00 d0 cf ;"?.âB.–œ";8;8;COM1;;
515;05/11/2024 17:48:35;IRP_MJ_WRITE;UP;STATUS_SUCCESS;e0 05 00 89 42 00 d0 cf ;"?.âB.–œ";8;;COM1;;
516;05/11/2024 17:48:35;IRP_MJ_READ;DOWN;;;"";;15;COM1;;
517;05/11/2024 17:48:35;IRP_MJ_READ;UP;STATUS_SUCCESS;e0 0d 00 89 42 00 07 01 10 04 33 63 28 15 c7 ;"?.âB.....3c(.?";15;;COM1;;
518;05/11/2024 17:48:35;IRP_MJ_WRITE;DOWN;;e0 09 00 8a 43 04 33 63 28 15 ad ;"?.äC.3c(.?";11;11;COM1;;
519;05/11/2024 17:48:35;IRP_MJ_WRITE;UP;STATUS_SUCCESS;e0 09 00 8a 43 04 33 63 28 15 ad ;"?.äC.3c(.?";11;;COM1;;
520;05/11/2024 17:48:35;IRP_MJ_READ;DOWN;;;"";;8;COM1;;
521;05/11/2024 17:48:35;IRP_MJ_READ;UP;STATUS_SUCCESS;e0 06 00 8a 43 00 00 d3 ;"?.äC..?";8;;COM1;;
522;05/11/2024 17:48:35;IRP_MJ_WRITE;DOWN;;e0 0a 00 8b 55 05 33 63 28 15 03 c5 ;"?.ãU.3c(..?";12;12;COM1;;
523;05/11/2024 17:48:35;IRP_MJ_WRITE;UP;STATUS_SUCCESS;e0 0a 00 8b 55 05 33 63 28 15 03 c5 ;"?.ãU.3c(..?";12;;COM1;;
524;05/11/2024 17:48:35;IRP_MJ_READ;DOWN;;;"";;8;COM1;;
525;05/11/2024 17:48:35;IRP_MJ_READ;UP;STATUS_SUCCESS;e0 06 00 8b 55 00 00 e6 ;"?.ãU..?";8;;COM1;;
526;05/11/2024 17:48:35;IRP_MJ_WRITE;DOWN;;e0 0a 00 8c 52 05 33 63 28 15 00 c0 ;"?.åR.3c(..?";12;12;COM1;;
527;05/11/2024 17:48:35;IRP_MJ_WRITE;UP;STATUS_SUCCESS;e0 0a 00 8c 52 05 33 63 28 15 00 c0 ;"?.åR.3c(..?";12;;COM1;;
528;05/11/2024 17:48:35;IRP_MJ_READ;DOWN;;;"";;24;COM1;;
529;05/11/2024 17:48:35;IRP_MJ_READ;UP;STATUS_SUCCESS;e0 16 00 8c 52 00 10 33 63 28 15 6d 08 04 00 62 63 64 65 66 67 68 69 7c ;"?.åR..3c(.m...bcdefghi|";24;;COM1;;
530;05/11/2024 17:48:35;IRP_MJ_WRITE;DOWN;;e0 0a 00 8d 52 05 33 63 28 15 01 c2 ;"?.çR.3c(..?";12;12;COM1;;
531;05/11/2024 17:48:35;IRP_MJ_WRITE;UP;STATUS_SUCCESS;e0 0a 00 8d 52 05 33 63 28 15 01 c2 ;"?.çR.3c(..?";12;;COM1;;
532;05/11/2024 17:48:35;IRP_MJ_READ;DOWN;;;"";;24;COM1;;
533;05/11/2024 17:48:35;IRP_MJ_READ;UP;STATUS_SUCCESS;e0 16 00 8d 52 00 10 00 00 00 00 00 00 00 00 00 00 00 00 00 00 00 00 05 ;"?.çR...................";24;;COM1;;
534;05/11/2024 17:48:35;IRP_MJ_WRITE;DOWN;;e0 0a 00 8e 52 05 33 63 28 15 02 c4 ;"?.éR.3c(..?";12;12;COM1;;
535;05/11/2024 17:48:35;IRP_MJ_WRITE;UP;STATUS_SUCCESS;e0 0a 00 8e 52 05 33 63 28 15 02 c4 ;"?.éR.3c(..?";12;;COM1;;
536;05/11/2024 17:48:35;IRP_MJ_READ;DOWN;;;"";;24;COM1;;
537;05/11/2024 17:48:35;IRP_MJ_READ;UP;STATUS_SUCCESS;e0 16 00 8e 52 00 10 00 00 00 00 00 00 10 11 45 14 19 19 81 02 33 33 9b ;"?.éR..........E...?33?";24;;COM1;;
538;05/11/2024 17:48:35;IRP_MJ_WRITE;DOWN;;e0 05 00 8f 41 00 d5 ;"?.èA.?";7;7;COM1;;
539;05/11/2024 17:48:35;IRP_MJ_WRITE;UP;STATUS_SUCCESS;e0 05 00 8f 41 00 d5 ;"?.èA.?";7;;COM1;;
540;05/11/2024 17:48:35;IRP_MJ_READ;DOWN;;;"";;8;COM1;;
541;05/11/2024 17:48:35;IRP_MJ_READ;UP;STATUS_SUCCESS;e0 06 00 8f 41 00 00 d6 ;"?.èA..?";8;;COM1;;
542;05/11/2024 17:48:35;IRP_MJ_WRITE;DOWN;;e0 08 08 90 81 03 00 00 00 24 ;"?.êÅ....$";10;10;COM1;;
543;05/11/2024 17:48:35;IRP_MJ_WRITE;UP;STATUS_SUCCESS;e0 08 08 90 81 03 00 00 00 24 ;"?.êÅ....$";10;;COM1;;
544;05/11/2024 17:48:36;IRP_MJ_WRITE;DOWN;;e0 08 08 91 81 03 00 00 ff 24 ;"?.ëÅ...ˇ$";10;10;COM1;;
545;05/11/2024 17:48:36;IRP_MJ_WRITE;UP;STATUS_SUCCESS;e0 08 08 91 81 03 00 00 ff 24 ;"?.ëÅ...ˇ$";10;;COM1;;
546;05/11/2024 17:48:38;IRP_MJ_WRITE;DOWN;;e0 08 08 92 81 03 00 00 00 26 ;"?.íÅ....&";10;10;COM1;;
547;05/11/2024 17:48:38;IRP_MJ_WRITE;UP;STATUS_SUCCESS;e0 08 08 92 81 03 00 00 00 26 ;"?.íÅ....&";10;;COM1;;
548;05/11/2024 17:48:39;IRP_MJ_WRITE;DOWN;;e0 08 08 93 81 03 ff ff ff 24 ;"?.ìÅ.ˇˇˇ$";10;10;COM1;;
549;05/11/2024 17:48:39;IRP_MJ_WRITE;UP;STATUS_SUCCESS;e0 08 08 93 81 03 ff ff ff 24 ;"?.ìÅ.ˇˇˇ$";10;;COM1;;
550;05/11/2024 17:48:39;IRP_MJ_WRITE;DOWN;;e0 05 00 94 62 00 fb ;"?.îb.?";7;7;COM1;;
551;05/11/2024 17:48:39;IRP_MJ_WRITE;UP;STATUS_SUCCESS;e0 05 00 94 62 00 fb ;"?.îb.?";7;;COM1;;
552;05/11/2024 17:48:39;IRP_MJ_READ;DOWN;;;"";;8;COM1;;
553;05/11/2024 17:48:39;IRP_MJ_READ;UP;STATUS_SUCCESS;e0 06 00 94 62 03 00 ff ;"?.îb..ˇ";8;;COM1;;
554;05/11/2024 17:48:39;IRP_MJ_WRITE;DOWN;;e0 05 00 95 30 00 ca ;"?.?.?";7;7;COM1;;
555;05/11/2024 17:48:39;IRP_MJ_WRITE;UP;STATUS_SUCCESS;e0 05 00 95 30 00 ca ;"?.?.?";7;;COM1;;
556;05/11/2024 17:48:39;IRP_MJ_READ;DOWN;;;"";;9;COM1;;
557;05/11/2024 17:48:39;IRP_MJ_READ;UP;STATUS_SUCCESS;e0 07 00 95 30 00 01 94 61 ;"?.?..îa";9;;COM1;;
558;05/11/2024 17:48:39;IRP_MJ_WRITE;DOWN;;e0 05 00 96 32 00 cd ;"?.?.?";7;7;COM1;;
559;05/11/2024 17:48:39;IRP_MJ_WRITE;UP;STATUS_SUCCESS;e0 05 00 96 32 00 cd ;"?.?.?";7;;COM1;;
560;05/11/2024 17:48:39;IRP_MJ_READ;DOWN;;;"";;17;COM1;;
561;05/11/2024 17:48:39;IRP_MJ_READ;UP;STATUS_SUCCESS;e0 0f 00 96 32 00 09 38 33 37 2d 31 35 33 39 36 b7 ;"?.?..837-15396?";17;;COM1;;
562;05/11/2024 17:48:39;IRP_MJ_WRITE;DOWN;;e0 05 08 97 f5 00 99 ;"?.óı.?";7;7;COM1;;
563;05/11/2024 17:48:39;IRP_MJ_WRITE;UP;STATUS_SUCCESS;e0 05 08 97 f5 00 99 ;"?.óı.?";7;;COM1;;
564;05/11/2024 17:48:39;IRP_MJ_READ;DOWN;;;"";;8;COM1;;
565;05/11/2024 17:48:39;IRP_MJ_READ;UP;STATUS_SUCCESS;e0 06 08 97 f5 00 00 9a ;"?.óı..?";8;;COM1;;
566;05/11/2024 17:48:39;IRP_MJ_WRITE;DOWN;;e0 05 08 98 f0 00 95 ;"?.ò.?";7;7;COM1;;
567;05/11/2024 17:48:39;IRP_MJ_WRITE;UP;STATUS_SUCCESS;e0 05 08 98 f0 00 95 ;"?.ò.?";7;;COM1;;
568;05/11/2024 17:48:39;IRP_MJ_READ;DOWN;;;"";;20;COM1;;
569;05/11/2024 17:48:39;IRP_MJ_READ;UP;STATUS_SUCCESS;e0 12 08 98 f0 00 0c 30 30 30 2d 30 30 30 30 30 ff 11 40 ab ;"?.ò..000-00000ˇ.@?";20;;COM1;;
570;05/11/2024 17:48:39;IRP_MJ_WRITE;DOWN;;e0 0b 00 99 54 06 57 43 43 46 76 32 c9 ;"?.ôT.WCCFv2?";13;13;COM1;;
571;05/11/2024 17:48:39;IRP_MJ_WRITE;UP;STATUS_SUCCESS;e0 0b 00 99 54 06 57 43 43 46 76 32 c9 ;"?.ôT.WCCFv2?";13;;COM1;;
572;05/11/2024 17:48:39;IRP_MJ_READ;DOWN;;;"";;8;COM1;;
573;05/11/2024 17:48:39;IRP_MJ_READ;UP;STATUS_SUCCESS;e0 06 00 99 54 00 00 f3 ;"?.ôT..?";8;;COM1;;
574;05/11/2024 17:48:39;IRP_MJ_WRITE;DOWN;;e0 0b 00 9a 50 06 60 90 d0 cf 06 32 f5 e8 ;"?.öP.`ê–?2ıË";14;14;COM1;;
575;05/11/2024 17:48:39;IRP_MJ_WRITE;UP;STATUS_SUCCESS;e0 0b 00 9a 50 06 60 90 d0 cf 06 32 f5 e8 ;"?.öP.`ê–?2ıË";14;;COM1;;
576;05/11/2024 17:48:39;IRP_MJ_READ;DOWN;;;"";;8;COM1;;
577;05/11/2024 17:48:39;IRP_MJ_READ;UP;STATUS_SUCCESS;e0 06 00 9a 50 00 00 f0 ;"?.öP..?";8;;COM1;;
578;05/11/2024 17:48:39;IRP_MJ_WRITE;DOWN;;e0 08 08 9b 81 03 ff ff ff 2c ;"?.õÅ.ˇˇˇ,";10;10;COM1;;
579;05/11/2024 17:48:39;IRP_MJ_WRITE;UP;STATUS_SUCCESS;e0 08 08 9b 81 03 ff ff ff 2c ;"?.õÅ.ˇˇˇ,";10;;COM1;;
580;05/11/2024 17:48:39;IRP_MJ_WRITE;DOWN;;e0 05 00 9c 62 00 03 ;"?.úb..";7;7;COM1;;
581;05/11/2024 17:48:39;IRP_MJ_WRITE;UP;STATUS_SUCCESS;e0 05 00 9c 62 00 03 ;"?.úb..";7;;COM1;;
582;05/11/2024 17:48:39;IRP_MJ_READ;DOWN;;;"";;8;COM1;;
583;05/11/2024 17:48:39;IRP_MJ_READ;UP;STATUS_SUCCESS;e0 06 00 9c 62 03 00 07 ;"?.úb...";8;;COM1;;
584;05/11/2024 17:48:39;IRP_MJ_WRITE;DOWN;;e0 05 00 9d 30 00 d2 ;"?.?.?";7;7;COM1;;
585;05/11/2024 17:48:39;IRP_MJ_WRITE;UP;STATUS_SUCCESS;e0 05 00 9d 30 00 d2 ;"?.?.?";7;;COM1;;
586;05/11/2024 17:48:39;IRP_MJ_READ;DOWN;;;"";;9;COM1;;
587;05/11/2024 17:48:39;IRP_MJ_READ;UP;STATUS_SUCCESS;e0 07 00 9d 30 00 01 94 69 ;"?.?..îi";9;;COM1;;
588;05/11/2024 17:48:39;IRP_MJ_WRITE;DOWN;;e0 05 00 9e 32 00 d5 ;"?.?.?";7;7;COM1;;
589;05/11/2024 17:48:39;IRP_MJ_WRITE;UP;STATUS_SUCCESS;e0 05 00 9e 32 00 d5 ;"?.?.?";7;;COM1;;
590;05/11/2024 17:48:39;IRP_MJ_READ;DOWN;;;"";;17;COM1;;
591;05/11/2024 17:48:39;IRP_MJ_READ;UP;STATUS_SUCCESS;e0 0f 00 9e 32 00 09 38 33 37 2d 31 35 33 39 36 bf ;"?.?..837-15396?";17;;COM1;;
592;05/11/2024 17:48:39;IRP_MJ_WRITE;DOWN;;e0 05 08 9f f5 00 a1 ;"?.üı.?";7;7;COM1;;
593;05/11/2024 17:48:39;IRP_MJ_WRITE;UP;STATUS_SUCCESS;e0 05 08 9f f5 00 a1 ;"?.üı.?";7;;COM1;;
594;05/11/2024 17:48:39;IRP_MJ_READ;DOWN;;;"";;8;COM1;;
595;05/11/2024 17:48:39;IRP_MJ_READ;UP;STATUS_SUCCESS;e0 06 08 9f f5 00 00 a2 ;"?.üı..?";8;;COM1;;
596;05/11/2024 17:48:39;IRP_MJ_WRITE;DOWN;;e0 05 08 a0 f0 00 9d ;"?.†.?";7;7;COM1;;
597;05/11/2024 17:48:39;IRP_MJ_WRITE;UP;STATUS_SUCCESS;e0 05 08 a0 f0 00 9d ;"?.†.?";7;;COM1;;
598;05/11/2024 17:48:39;IRP_MJ_READ;DOWN;;;"";;20;COM1;;
599;05/11/2024 17:48:39;IRP_MJ_READ;UP;STATUS_SUCCESS;e0 12 08 a0 f0 00 0c 30 30 30 2d 30 30 30 30 30 ff 11 40 b3 ;"?.†..000-00000ˇ.@?";20;;COM1;;
600;05/11/2024 17:48:40;IRP_MJ_WRITE;DOWN;;e0 0b 00 a1 54 06 57 43 43 46 76 32 d1 ;"?.°T.WCCFv2?";13;13;COM1;;
601;05/11/2024 17:48:40;IRP_MJ_WRITE;UP;STATUS_SUCCESS;e0 0b 00 a1 54 06 57 43 43 46 76 32 d1 ;"?.°T.WCCFv2?";13;;COM1;;
602;05/11/2024 17:48:40;IRP_MJ_READ;DOWN;;;"";;8;COM1;;
603;05/11/2024 17:48:40;IRP_MJ_READ;UP;STATUS_SUCCESS;e0 06 00 a1 54 00 00 fb ;"?.°T..?";8;;COM1;;
604;05/11/2024 17:48:40;IRP_MJ_WRITE;DOWN;;e0 0b 00 a2 50 06 60 90 d0 cf 06 32 f5 f0 ;"?.¢P.`ê–?2ı";14;14;COM1;;
605;05/11/2024 17:48:40;IRP_MJ_WRITE;UP;STATUS_SUCCESS;e0 0b 00 a2 50 06 60 90 d0 cf 06 32 f5 f0 ;"?.¢P.`ê–?2ı";14;;COM1;;
606;05/11/2024 17:48:40;IRP_MJ_READ;DOWN;;;"";;8;COM1;;
607;05/11/2024 17:48:40;IRP_MJ_READ;UP;STATUS_SUCCESS;e0 06 00 a2 50 00 00 f8 ;"?.¢P..?";8;;COM1;;
608;05/11/2024 17:48:40;IRP_MJ_WRITE;DOWN;;e0 06 00 a3 40 01 03 ed ;"?.£@..?";8;8;COM1;;
609;05/11/2024 17:48:40;IRP_MJ_WRITE;UP;STATUS_SUCCESS;e0 06 00 a3 40 01 03 ed ;"?.£@..?";8;;COM1;;
610;05/11/2024 17:48:40;IRP_MJ_READ;DOWN;;;"";;8;COM1;;
611;05/11/2024 17:48:40;IRP_MJ_READ;UP;STATUS_SUCCESS;e0 06 00 a3 40 00 00 e9 ;"?.£@..?";8;;COM1;;
612;05/11/2024 17:48:40;IRP_MJ_WRITE;DOWN;;e0 05 00 a4 42 00 eb ;"?.§B.?";7;7;COM1;;
613;05/11/2024 17:48:40;IRP_MJ_WRITE;UP;STATUS_SUCCESS;e0 05 00 a4 42 00 eb ;"?.§B.?";7;;COM1;;
614;05/11/2024 17:48:40;IRP_MJ_READ;DOWN;;;"";;9;COM1;;
615;05/11/2024 17:48:40;IRP_MJ_READ;UP;STATUS_SUCCESS;e0 07 00 a4 42 00 01 00 ee ;"?.§B...?";9;;COM1;;
616;05/11/2024 17:48:40;IRP_MJ_WRITE;DOWN;;e0 05 00 a5 41 00 eb ;"?.•A.?";7;7;COM1;;
617;05/11/2024 17:48:40;IRP_MJ_WRITE;UP;STATUS_SUCCESS;e0 05 00 a5 41 00 eb ;"?.•A.?";7;;COM1;;
618;05/11/2024 17:48:40;IRP_MJ_READ;DOWN;;;"";;8;COM1;;
619;05/11/2024 17:48:40;IRP_MJ_READ;UP;STATUS_SUCCESS;e0 06 00 a5 41 00 00 ec ;"?.•A..?";8;;COM1;;
620;05/11/2024 17:48:40;IRP_MJ_WRITE;DOWN;;e0 08 08 a7 81 03 00 00 00 3b ;"?.ßÅ....;";10;10;COM1;;
621;05/11/2024 17:48:40;IRP_MJ_WRITE;UP;STATUS_SUCCESS;e0 08 08 a7 81 03 00 00 00 3b ;"?.ßÅ....;";10;;COM1;;
622;05/11/2024 17:48:41;IRP_MJ_WRITE;DOWN;;e0 05 00 a8 62 00 0f ;"?.®b..";7;7;COM1;;
623;05/11/2024 17:48:41;IRP_MJ_WRITE;UP;STATUS_SUCCESS;e0 05 00 a8 62 00 0f ;"?.®b..";7;;COM1;;
624;05/11/2024 17:48:41;IRP_MJ_READ;DOWN;;;"";;8;COM1;;
625;05/11/2024 17:48:41;IRP_MJ_READ;UP;STATUS_SUCCESS;e0 06 00 a8 62 03 00 13 ;"?.®b...";8;;COM1;;
626;05/11/2024 17:48:41;IRP_MJ_WRITE;DOWN;;e0 05 00 a9 30 00 de ;"?.?.?";7;7;COM1;;
627;05/11/2024 17:48:41;IRP_MJ_WRITE;UP;STATUS_SUCCESS;e0 05 00 a9 30 00 de ;"?.?.?";7;;COM1;;
628;05/11/2024 17:48:41;IRP_MJ_READ;DOWN;;;"";;9;COM1;;
629;05/11/2024 17:48:41;IRP_MJ_READ;UP;STATUS_SUCCESS;e0 07 00 a9 30 00 01 94 75 ;"?.?..îu";9;;COM1;;
630;05/11/2024 17:48:41;IRP_MJ_WRITE;DOWN;;e0 05 00 aa 32 00 e1 ;"?.?.?";7;7;COM1;;
631;05/11/2024 17:48:41;IRP_MJ_WRITE;UP;STATUS_SUCCESS;e0 05 00 aa 32 00 e1 ;"?.?.?";7;;COM1;;
632;05/11/2024 17:48:41;IRP_MJ_READ;DOWN;;;"";;17;COM1;;
633;05/11/2024 17:48:41;IRP_MJ_READ;UP;STATUS_SUCCESS;e0 0f 00 aa 32 00 09 38 33 37 2d 31 35 33 39 36 cb ;"?.?..837-15396?";17;;COM1;;
634;05/11/2024 17:48:41;IRP_MJ_WRITE;DOWN;;e0 05 08 ab f5 00 ad ;"?.´ı.?";7;7;COM1;;
635;05/11/2024 17:48:41;IRP_MJ_WRITE;UP;STATUS_SUCCESS;e0 05 08 ab f5 00 ad ;"?.´ı.?";7;;COM1;;
636;05/11/2024 17:48:41;IRP_MJ_READ;DOWN;;;"";;8;COM1;;
637;05/11/2024 17:48:41;IRP_MJ_READ;UP;STATUS_SUCCESS;e0 06 08 ab f5 00 00 ae ;"?.´ı..?";8;;COM1;;
638;05/11/2024 17:48:41;IRP_MJ_WRITE;DOWN;;e0 05 08 ac f0 00 a9 ;"?.¨.?";7;7;COM1;;
639;05/11/2024 17:48:41;IRP_MJ_WRITE;UP;STATUS_SUCCESS;e0 05 08 ac f0 00 a9 ;"?.¨.?";7;;COM1;;
640;05/11/2024 17:48:41;IRP_MJ_READ;DOWN;;;"";;20;COM1;;
641;05/11/2024 17:48:41;IRP_MJ_READ;UP;STATUS_SUCCESS;e0 12 08 ac f0 00 0c 30 30 30 2d 30 30 30 30 30 ff 11 40 bf ;"?.¨..000-00000ˇ.@?";20;;COM1;;
642;05/11/2024 17:48:41;IRP_MJ_WRITE;DOWN;;e0 0b 00 ad 54 06 57 43 43 46 76 32 dd ;"?.≠T.WCCFv2?";13;13;COM1;;
643;05/11/2024 17:48:41;IRP_MJ_WRITE;UP;STATUS_SUCCESS;e0 0b 00 ad 54 06 57 43 43 46 76 32 dd ;"?.≠T.WCCFv2?";13;;COM1;;
644;05/11/2024 17:48:41;IRP_MJ_READ;DOWN;;;"";;8;COM1;;
645;05/11/2024 17:48:41;IRP_MJ_READ;UP;STATUS_SUCCESS;e0 06 00 ad 54 00 00 07 ;"?.≠T...";8;;COM1;;
646;05/11/2024 17:48:41;IRP_MJ_WRITE;DOWN;;e0 0b 00 ae 50 06 60 90 d0 cf 06 32 f5 fc ;"?.ÆP.`ê–?2ı¸";14;14;COM1;;
647;05/11/2024 17:48:41;IRP_MJ_WRITE;UP;STATUS_SUCCESS;e0 0b 00 ae 50 06 60 90 d0 cf 06 32 f5 fc ;"?.ÆP.`ê–?2ı¸";14;;COM1;;
648;05/11/2024 17:48:41;IRP_MJ_READ;DOWN;;;"";;8;COM1;;
649;05/11/2024 17:48:41;IRP_MJ_READ;UP;STATUS_SUCCESS;e0 06 00 ae 50 00 00 04 ;"?.ÆP...";8;;COM1;;
650;05/11/2024 17:48:43;IRP_MJ_WRITE;DOWN;;e0 08 08 af 81 03 00 00 00 43 ;"?.ØÅ....C";10;10;COM1;;
651;05/11/2024 17:48:43;IRP_MJ_WRITE;UP;STATUS_SUCCESS;e0 08 08 af 81 03 00 00 00 43 ;"?.ØÅ....C";10;;COM1;;
652;05/11/2024 17:48:44;IRP_MJ_WRITE;DOWN;;e0 08 08 b0 81 03 ff 00 00 43 ;"?.∞Å.ˇ..C";10;10;COM1;;
653;05/11/2024 17:48:44;IRP_MJ_WRITE;UP;STATUS_SUCCESS;e0 08 08 b0 81 03 ff 00 00 43 ;"?.∞Å.ˇ..C";10;;COM1;;
654;05/11/2024 17:48:45;IRP_MJ_WRITE;DOWN;;e0 08 08 b1 81 03 00 ff 00 44 ;"?.±Å..ˇ.D";10;10;COM1;;
655;05/11/2024 17:48:45;IRP_MJ_WRITE;UP;STATUS_SUCCESS;e0 08 08 b1 81 03 00 ff 00 44 ;"?.±Å..ˇ.D";10;;COM1;;
656;05/11/2024 17:48:45;IRP_MJ_WRITE;DOWN;;e0 08 08 b2 81 03 00 00 ff 45 ;"?.≤Å...ˇE";10;10;COM1;;
657;05/11/2024 17:48:45;IRP_MJ_WRITE;UP;STATUS_SUCCESS;e0 08 08 b2 81 03 00 00 ff 45 ;"?.≤Å...ˇE";10;;COM1;;
658;05/11/2024 17:48:45;IRP_MJ_WRITE;DOWN;;e0 08 08 b3 81 03 ff ff ff 44 ;"?.≥Å.ˇˇˇD";10;10;COM1;;
659;05/11/2024 17:48:45;IRP_MJ_WRITE;UP;STATUS_SUCCESS;e0 08 08 b3 81 03 ff ff ff 44 ;"?.≥Å.ˇˇˇD";10;;COM1;;
660;05/11/2024 17:48:45;IRP_MJ_WRITE;DOWN;;e0 08 08 b4 81 03 00 00 00 48 ;"?.¥Å....H";10;10;COM1;;
661;05/11/2024 17:48:45;IRP_MJ_WRITE;UP;STATUS_SUCCESS;e0 08 08 b4 81 03 00 00 00 48 ;"?.¥Å....H";10;;COM1;;
662;05/11/2024 17:48:46;IRP_MJ_WRITE;DOWN;;e0 08 08 b5 81 03 ff 00 00 48 ;"?.µÅ.ˇ..H";10;10;COM1;;
663;05/11/2024 17:48:46;IRP_MJ_WRITE;UP;STATUS_SUCCESS;e0 08 08 b5 81 03 ff 00 00 48 ;"?.µÅ.ˇ..H";10;;COM1;;
664;05/11/2024 17:48:48;IRP_MJ_WRITE;DOWN;;e0 08 08 b6 81 03 ff ff ff 47 ;"?.∂Å.ˇˇˇG";10;10;COM1;;
665;05/11/2024 17:48:48;IRP_MJ_WRITE;UP;STATUS_SUCCESS;e0 08 08 b6 81 03 ff ff ff 47 ;"?.∂Å.ˇˇˇG";10;;COM1;;
666;05/11/2024 17:48:48;IRP_MJ_WRITE;DOWN;;e0 05 00 b7 62 00 1e ;"?.∑b..";7;7;COM1;;
667;05/11/2024 17:48:48;IRP_MJ_WRITE;UP;STATUS_SUCCESS;e0 05 00 b7 62 00 1e ;"?.∑b..";7;;COM1;;
668;05/11/2024 17:48:48;IRP_MJ_READ;DOWN;;;"";;8;COM1;;
669;05/11/2024 17:48:48;IRP_MJ_READ;UP;STATUS_SUCCESS;e0 06 00 b7 62 03 00 22 ;"?.∑b..""";8;;COM1;;
670;05/11/2024 17:48:48;IRP_MJ_WRITE;DOWN;;e0 05 00 b8 30 00 ed ;"?.?.?";7;7;COM1;;
671;05/11/2024 17:48:48;IRP_MJ_WRITE;UP;STATUS_SUCCESS;e0 05 00 b8 30 00 ed ;"?.?.?";7;;COM1;;
672;05/11/2024 17:48:48;IRP_MJ_READ;DOWN;;;"";;9;COM1;;
673;05/11/2024 17:48:48;IRP_MJ_READ;UP;STATUS_SUCCESS;e0 07 00 b8 30 00 01 94 84 ;"?.?..îÑ";9;;COM1;;
674;05/11/2024 17:48:48;IRP_MJ_WRITE;DOWN;;e0 05 00 b9 32 00 f0 ;"?.?.?";7;7;COM1;;
675;05/11/2024 17:48:48;IRP_MJ_WRITE;UP;STATUS_SUCCESS;e0 05 00 b9 32 00 f0 ;"?.?.?";7;;COM1;;
676;05/11/2024 17:48:48;IRP_MJ_READ;DOWN;;;"";;17;COM1;;
677;05/11/2024 17:48:48;IRP_MJ_READ;UP;STATUS_SUCCESS;e0 0f 00 b9 32 00 09 38 33 37 2d 31 35 33 39 36 da ;"?.?..837-15396?";17;;COM1;;
678;05/11/2024 17:48:48;IRP_MJ_WRITE;DOWN;;e0 05 08 ba f5 00 bc ;"?.∫ı.?";7;7;COM1;;
679;05/11/2024 17:48:48;IRP_MJ_WRITE;UP;STATUS_SUCCESS;e0 05 08 ba f5 00 bc ;"?.∫ı.?";7;;COM1;;
680;05/11/2024 17:48:48;IRP_MJ_READ;DOWN;;;"";;8;COM1;;
681;05/11/2024 17:48:48;IRP_MJ_READ;UP;STATUS_SUCCESS;e0 06 08 ba f5 00 00 bd ;"?.∫ı..?";8;;COM1;;
682;05/11/2024 17:48:48;IRP_MJ_WRITE;DOWN;;e0 05 08 bb f0 00 b8 ;"?.ª.?";7;7;COM1;;
683;05/11/2024 17:48:48;IRP_MJ_WRITE;UP;STATUS_SUCCESS;e0 05 08 bb f0 00 b8 ;"?.ª.?";7;;COM1;;
684;05/11/2024 17:48:48;IRP_MJ_READ;DOWN;;;"";;20;COM1;;
685;05/11/2024 17:48:48;IRP_MJ_READ;UP;STATUS_SUCCESS;e0 12 08 bb f0 00 0c 30 30 30 2d 30 30 30 30 30 ff 11 40 ce ;"?.ª..000-00000ˇ.@?";20;;COM1;;
686;05/11/2024 17:48:48;IRP_MJ_WRITE;DOWN;;e0 0b 00 bc 54 06 57 43 43 46 76 32 ec ;"?.ºT.WCCFv2?";13;13;COM1;;
687;05/11/2024 17:48:48;IRP_MJ_WRITE;UP;STATUS_SUCCESS;e0 0b 00 bc 54 06 57 43 43 46 76 32 ec ;"?.ºT.WCCFv2?";13;;COM1;;
688;05/11/2024 17:48:48;IRP_MJ_READ;DOWN;;;"";;8;COM1;;
689;05/11/2024 17:48:48;IRP_MJ_READ;UP;STATUS_SUCCESS;e0 06 00 bc 54 00 00 16 ;"?.ºT...";8;;COM1;;
690;05/11/2024 17:48:48;IRP_MJ_WRITE;DOWN;;e0 0b 00 bd 50 06 60 90 d0 cf 06 32 f5 0b ;"?.ΩP.`ê–?2?";14;14;COM1;;
691;05/11/2024 17:48:48;IRP_MJ_WRITE;UP;STATUS_SUCCESS;e0 0b 00 bd 50 06 60 90 d0 cf 06 32 f5 0b ;"?.ΩP.`ê–?2?";14;;COM1;;
692;05/11/2024 17:48:48;IRP_MJ_READ;DOWN;;;"";;8;COM1;;
693;05/11/2024 17:48:48;IRP_MJ_READ;UP;STATUS_SUCCESS;e0 06 00 bd 50 00 00 13 ;"?.ΩP...";8;;COM1;;
694;05/11/2024 17:48:48;IRP_MJ_WRITE;DOWN;;e0 08 08 be 81 03 ff ff ff 4f ;"?.æÅ.ˇˇˇO";10;10;COM1;;
695;05/11/2024 17:48:48;IRP_MJ_WRITE;UP;STATUS_SUCCESS;e0 08 08 be 81 03 ff ff ff 4f ;"?.æÅ.ˇˇˇO";10;;COM1;;
696;05/11/2024 17:48:48;IRP_MJ_WRITE;DOWN;;e0 05 00 bf 62 00 26 ;"?.øb.&";7;7;COM1;;
697;05/11/2024 17:48:48;IRP_MJ_WRITE;UP;STATUS_SUCCESS;e0 05 00 bf 62 00 26 ;"?.øb.&";7;;COM1;;
698;05/11/2024 17:48:48;IRP_MJ_READ;DOWN;;;"";;8;COM1;;
699;05/11/2024 17:48:48;IRP_MJ_READ;UP;STATUS_SUCCESS;e0 06 00 bf 62 03 00 2a ;"?.øb..*";8;;COM1;;
700;05/11/2024 17:48:48;IRP_MJ_WRITE;DOWN;;e0 05 00 c0 30 00 f5 ;"?.?.?";7;7;COM1;;
701;05/11/2024 17:48:48;IRP_MJ_WRITE;UP;STATUS_SUCCESS;e0 05 00 c0 30 00 f5 ;"?.?.?";7;;COM1;;
702;05/11/2024 17:48:48;IRP_MJ_READ;DOWN;;;"";;9;COM1;;
703;05/11/2024 17:48:48;IRP_MJ_READ;UP;STATUS_SUCCESS;e0 07 00 c0 30 00 01 94 8c ;"?.?..îå";9;;COM1;;
704;05/11/2024 17:48:48;IRP_MJ_WRITE;DOWN;;e0 05 00 c1 32 00 f8 ;"?.?.?";7;7;COM1;;
705;05/11/2024 17:48:48;IRP_MJ_WRITE;UP;STATUS_SUCCESS;e0 05 00 c1 32 00 f8 ;"?.?.?";7;;COM1;;
706;05/11/2024 17:48:48;IRP_MJ_READ;DOWN;;;"";;17;COM1;;
707;05/11/2024 17:48:48;IRP_MJ_READ;UP;STATUS_SUCCESS;e0 0f 00 c1 32 00 09 38 33 37 2d 31 35 33 39 36 e2 ;"?.?..837-15396?";17;;COM1;;
708;05/11/2024 17:48:48;IRP_MJ_WRITE;DOWN;;e0 05 08 c2 f5 00 c4 ;"?.¬ı.?";7;7;COM1;;
709;05/11/2024 17:48:48;IRP_MJ_WRITE;UP;STATUS_SUCCESS;e0 05 08 c2 f5 00 c4 ;"?.¬ı.?";7;;COM1;;
710;05/11/2024 17:48:48;IRP_MJ_READ;DOWN;;;"";;8;COM1;;
711;05/11/2024 17:48:48;IRP_MJ_READ;UP;STATUS_SUCCESS;e0 06 08 c2 f5 00 00 c5 ;"?.¬ı..?";8;;COM1;;
712;05/11/2024 17:48:48;IRP_MJ_WRITE;DOWN;;e0 05 08 c3 f0 00 c0 ;"?.√.?";7;7;COM1;;
713;05/11/2024 17:48:48;IRP_MJ_WRITE;UP;STATUS_SUCCESS;e0 05 08 c3 f0 00 c0 ;"?.√.?";7;;COM1;;
714;05/11/2024 17:48:48;IRP_MJ_READ;DOWN;;;"";;20;COM1;;
715;05/11/2024 17:48:48;IRP_MJ_READ;UP;STATUS_SUCCESS;e0 12 08 c3 f0 00 0c 30 30 30 2d 30 30 30 30 30 ff 11 40 d6 ;"?.√..000-00000ˇ.@?";20;;COM1;;
716;05/11/2024 17:48:48;IRP_MJ_WRITE;DOWN;;e0 0b 00 c4 54 06 57 43 43 46 76 32 f4 ;"?.ƒT.WCCFv2?";13;13;COM1;;
717;05/11/2024 17:48:48;IRP_MJ_WRITE;UP;STATUS_SUCCESS;e0 0b 00 c4 54 06 57 43 43 46 76 32 f4 ;"?.ƒT.WCCFv2?";13;;COM1;;
718;05/11/2024 17:48:48;IRP_MJ_READ;DOWN;;;"";;8;COM1;;
719;05/11/2024 17:48:48;IRP_MJ_READ;UP;STATUS_SUCCESS;e0 06 00 c4 54 00 00 1e ;"?.ƒT...";8;;COM1;;
720;05/11/2024 17:48:48;IRP_MJ_WRITE;DOWN;;e0 0b 00 c5 50 06 60 90 d0 cf 06 32 f5 13 ;"?.≈P.`ê–?2?";14;14;COM1;;
721;05/11/2024 17:48:48;IRP_MJ_WRITE;UP;STATUS_SUCCESS;e0 0b 00 c5 50 06 60 90 d0 cf 06 32 f5 13 ;"?.≈P.`ê–?2?";14;;COM1;;
722;05/11/2024 17:48:48;IRP_MJ_READ;DOWN;;;"";;8;COM1;;
723;05/11/2024 17:48:48;IRP_MJ_READ;UP;STATUS_SUCCESS;e0 06 00 c5 50 00 00 1b ;"?.≈P...";8;;COM1;;
724;05/11/2024 17:48:48;IRP_MJ_WRITE;DOWN;;e0 06 00 c6 40 01 03 10 ;"?.∆@...";8;8;COM1;;
725;05/11/2024 17:48:48;IRP_MJ_WRITE;UP;STATUS_SUCCESS;e0 06 00 c6 40 01 03 10 ;"?.∆@...";8;;COM1;;
726;05/11/2024 17:48:48;IRP_MJ_READ;DOWN;;;"";;8;COM1;;
727;05/11/2024 17:48:48;IRP_MJ_READ;UP;STATUS_SUCCESS;e0 06 00 c6 40 00 00 0c ;"?.∆@...";8;;COM1;;
728;05/11/2024 17:48:49;IRP_MJ_WRITE;DOWN;;e0 05 00 c7 42 00 0e ;"?.«B..";7;7;COM1;;
729;05/11/2024 17:48:49;IRP_MJ_WRITE;UP;STATUS_SUCCESS;e0 05 00 c7 42 00 0e ;"?.«B..";7;;COM1;;
730;05/11/2024 17:48:49;IRP_MJ_READ;DOWN;;;"";;15;COM1;;
731;05/11/2024 17:48:49;IRP_MJ_READ;UP;STATUS_SUCCESS;e0 0d 00 c7 42 00 07 01 10 04 33 63 28 15 05 ;"?.«B.....3c(..";15;;COM1;;
732;05/11/2024 17:48:49;IRP_MJ_WRITE;DOWN;;e0 09 00 c8 43 04 33 63 28 15 eb ;"?.»C.3c(.?";11;11;COM1;;
733;05/11/2024 17:48:49;IRP_MJ_WRITE;UP;STATUS_SUCCESS;e0 09 00 c8 43 04 33 63 28 15 eb ;"?.»C.3c(.?";11;;COM1;;
734;05/11/2024 17:48:49;IRP_MJ_READ;DOWN;;;"";;8;COM1;;
735;05/11/2024 17:48:49;IRP_MJ_READ;UP;STATUS_SUCCESS;e0 06 00 c8 43 00 00 11 ;"?.»C...";8;;COM1;;
736;05/11/2024 17:48:49;IRP_MJ_WRITE;DOWN;;e0 0a 00 c9 55 05 33 63 28 15 03 03 ;"?.…U.3c(...";12;12;COM1;;
737;05/11/2024 17:48:49;IRP_MJ_WRITE;UP;STATUS_SUCCESS;e0 0a 00 c9 55 05 33 63 28 15 03 03 ;"?.…U.3c(...";12;;COM1;;
738;05/11/2024 17:48:49;IRP_MJ_READ;DOWN;;;"";;8;COM1;;
739;05/11/2024 17:48:49;IRP_MJ_READ;UP;STATUS_SUCCESS;e0 06 00 c9 55 00 00 24 ;"?.…U..$";8;;COM1;;
740;05/11/2024 17:48:49;IRP_MJ_WRITE;DOWN;;e0 0a 00 ca 52 05 33 63 28 15 00 fe ;"?. R.3c(..?";12;12;COM1;;
741;05/11/2024 17:48:49;IRP_MJ_WRITE;UP;STATUS_SUCCESS;e0 0a 00 ca 52 05 33 63 28 15 00 fe ;"?. R.3c(..?";12;;COM1;;
742;05/11/2024 17:48:49;IRP_MJ_READ;DOWN;;;"";;24;COM1;;
743;05/11/2024 17:48:49;IRP_MJ_READ;UP;STATUS_SUCCESS;e0 16 00 ca 52 00 10 33 63 28 15 6d 08 04 00 62 63 64 65 66 67 68 69 ba ;"?. R..3c(.m...bcdefghi?";24;;COM1;;
744;05/11/2024 17:48:49;IRP_MJ_WRITE;DOWN;;e0 0a 00 cb 52 05 33 63 28 15 01 00 ;"?.ÀR.3c(...";12;12;COM1;;
745;05/11/2024 17:48:49;IRP_MJ_WRITE;UP;STATUS_SUCCESS;e0 0a 00 cb 52 05 33 63 28 15 01 00 ;"?.ÀR.3c(...";12;;COM1;;
746;05/11/2024 17:48:49;IRP_MJ_READ;DOWN;;;"";;24;COM1;;
747;05/11/2024 17:48:49;IRP_MJ_READ;UP;STATUS_SUCCESS;e0 16 00 cb 52 00 10 00 00 00 00 00 00 00 00 00 00 00 00 00 00 00 00 43 ;"?.ÀR..................C";24;;COM1;;
748;05/11/2024 17:48:49;IRP_MJ_WRITE;DOWN;;e0 0a 00 cc 52 05 33 63 28 15 02 02 ;"?.ÃR.3c(...";12;12;COM1;;
749;05/11/2024 17:48:49;IRP_MJ_WRITE;UP;STATUS_SUCCESS;e0 0a 00 cc 52 05 33 63 28 15 02 02 ;"?.ÃR.3c(...";12;;COM1;;
750;05/11/2024 17:48:49;IRP_MJ_READ;DOWN;;;"";;24;COM1;;
751;05/11/2024 17:48:49;IRP_MJ_READ;UP;STATUS_SUCCESS;e0 16 00 cc 52 00 10 00 00 00 00 00 00 10 11 45 14 19 19 81 02 33 33 d9 ;"?.ÃR..........E...?33?";24;;COM1;;
752;05/11/2024 17:48:49;IRP_MJ_WRITE;DOWN;;e0 05 00 cd 41 00 13 ;"?.ÕA..";7;7;COM1;;
753;05/11/2024 17:48:49;IRP_MJ_WRITE;UP;STATUS_SUCCESS;e0 05 00 cd 41 00 13 ;"?.ÕA..";7;;COM1;;
754;05/11/2024 17:48:49;IRP_MJ_READ;DOWN;;;"";;8;COM1;;
755;05/11/2024 17:48:49;IRP_MJ_READ;UP;STATUS_SUCCESS;e0 06 00 cd 41 00 00 14 ;"?.ÕA...";8;;COM1;;
756;05/11/2024 17:48:49;IRP_MJ_WRITE;DOWN;;e0 08 08 ce 81 03 00 00 00 62 ;"?.ŒÅ....b";10;10;COM1;;
757;05/11/2024 17:48:49;IRP_MJ_WRITE;UP;STATUS_SUCCESS;e0 08 08 ce 81 03 00 00 00 62 ;"?.ŒÅ....b";10;;COM1;;
758;05/11/2024 17:48:49;IRP_MJ_WRITE;DOWN;;e0 08 08 cf 81 03 00 00 ff 62 ;"?.œÅ...ˇb";10;10;COM1;;
759;05/11/2024 17:48:49;IRP_MJ_WRITE;UP;STATUS_SUCCESS;e0 08 08 cf 81 03 00 00 ff 62 ;"?.œÅ...ˇb";10;;COM1;;
760;05/11/2024 17:48:51;IRP_MJ_WRITE;DOWN;;e0 08 08 d0 cf 81 03 00 00 00 64 ;"?.–œ?...d";11;11;COM1;;
761;05/11/2024 17:48:51;IRP_MJ_WRITE;UP;STATUS_SUCCESS;e0 08 08 d0 cf 81 03 00 00 00 64 ;"?.–œ?...d";11;;COM1;;
762;05/11/2024 17:48:54;IRP_MJ_WRITE;DOWN;;e0 08 08 d1 81 03 00 00 00 65 ;"?.—Å....e";10;10;COM1;;
763;05/11/2024 17:48:54;IRP_MJ_WRITE;UP;STATUS_SUCCESS;e0 08 08 d1 81 03 00 00 00 65 ;"?.—Å....e";10;;COM1;;
